code,regency_code,name
110907,1109,TEUPAH SELATAN
110904,1109,SIMEULUE TIMUR
110903,1109,TEUPAH BARAT
110909,1109,TEUPAH TENGAH
110901,1109,SIMEULUE TENGAH
110905,1109,TELUK DALAM
110910,1109,SIMEULUE CUT
110902,1109,SALANG
110906,1109,SIMEULUE BARAT
110908,1109,ALAPAN
111001,1110,PULAU BANYAK
111016,1110,PULAU BANYAK BARAT
111004,1110,SINGKIL
111010,1110,SINGKIL UTARA
111014,1110,KUALA BARU
111002,1110,SIMPANG KANAN
111006,1110,GUNUNG MERIAH
111011,1110,DANAU PARIS
111012,1110,SURO MAKMUR
111013,1110,SINGKOHOR
111009,1110,KOTA BAHARU
110109,1101,TRUMON
110116,1101,TRUMON TIMUR
110118,1101,TRUMON TENGAH
110101,1101,BAKONGAN
110115,1101,BAKONGAN TIMUR
110117,1101,KOTA BAHAGIA
110103,1101,KLUET SELATAN
110114,1101,KLUET TIMUR
110102,1101,KLUET UTARA
110110,1101,PASI RAJA
110113,1101,KLUET TENGAH
110108,1101,TAPAKTUAN
110106,1101,SAMADUA
110107,1101,SAWANG
110105,1101,MEUKEK
110104,1101,LABUHAN HAJI
110111,1101,LABUHAN HAJI TIMUR
110112,1101,LABUHAN HAJI BARAT
110201,1102,LAWE ALAS
110211,1102,BABUL RAHMAH
110215,1102,TANOH ALAS
110202,1102,LAWE SIGALA-GALA
110206,1102,BABUL MAKMUR
110210,1102,SEMADAM
110216,1102,LEUSER
110203,1102,BAMBEL
110209,1102,BUKIT TUSAM
110214,1102,LAWE SUMUR
110204,1102,BABUSSALAM
110208,1102,LAWE BULAN
110205,1102,BADAR
110207,1102,DARUL HASANAH
110212,1102,KETAMBE
110213,1102,DELENG POKHKISEN
110305,1103,SERBAJADI
110320,1103,SIMPANG JERNIH
110324,1103,PEUNARON
110304,1103,BIREM BAYEUN
110308,1103,RANTAU SELAMAT
110319,1103,SUNGAI RAYA
110307,1103,PEUREULAK
110317,1103,PEUREULAK TIMUR
110318,1103,PEUREULAK BARAT
110310,1103,RANTAU PEUREULAK
110303,1103,IDI RAYEUK
110316,1103,PEUDAWA
110315,1103,BANDA ALAM
110314,1103,IDI TUNONG
110321,1103,DARUL IHSAN
110323,1103,IDI TIMUR
110301,1103,DARUL AMAN
110306,1103,NURUSSALAM
110322,1103,DARUL FALAH
110302,1103,JULOK
110313,1103,INDRA MAKMU
110311,1103,PANTE BIDARI
110309,1103,SIMPANG ULIM
110312,1103,MADAT
110401,1104,LINGE
110418,1104,ATU LINTANG
110419,1104,JAGONG JEGET
110408,1104,BINTANG
110417,1104,LAUT TAWAR
110411,1104,KEBAYAKAN
110407,1104,PEGASING
110420,1104,BIES
110403,1104,BEBESEN
110412,1104,KUTE PANANG
110402,1104,SILIH NARA
110410,1104,KETOL
110413,1104,CELALA
110421,1104,RUSIP ANTARA
110501,1105,JOHAN PAHWALAN
110505,1105,SAMATIGA
110506,1105,BUBON
110507,1105,ARONGAN LAMBALEK
110504,1105,WOYLA
110510,1105,WOYLA BARAT
110511,1105,WOYLA TIMUR
110502,1105,KAWAY XVI
110509,1105,MEUREUBO
110508,1105,PANTE CEUREUMEN
110512,1105,PANTON REU
110503,1105,SUNGAI MAS
110601,1106,LHOONG
110602,1106,LHOKNGA
110622,1106,LEUPUNG
110603,1106,INDRAPURI
110616,1106,KOTA COT GLIE
110604,1106,SEULIMEUM
110615,1106,KOTA JANTHO
110614,1106,LEMBAH SEULAWAH
110609,1106,MESJID RAYA
110612,1106,DARUSSALAM
110620,1106,BAITUSSALAM
110611,1106,KUTA BARO
110605,1106,MONTASIK
110623,1106,BLANG BINTANG
110610,1106,INGIN JAYA
110621,1106,KRUENG BARONA JAYA
110606,1106,SUKAMAKMUR
110617,1106,KUTA MALAKA
110618,1106,SIMPANG TIGA
110607,1106,DARUL IMARAH
110619,1106,DARUL KAMAL
110608,1106,PEUKAN BADA
110613,1106,PULO ACEH
110705,1107,GEUMPANG
110727,1107,MANE
110706,1107,GEULUMPANG TIGA
110729,1107,GLUMPANG BARO
110713,1107,MUTIARA
110724,1107,MUTIARA TIMUR
110721,1107,TIRO/TRUSEB
110719,1107,TANGSE
110722,1107,KEUMALA
110731,1107,TITEUE
110717,1107,SAKTI
110711,1107,MILA
110714,1107,PADANG TIJI
110704,1107,DELIMA
110725,1107,GRONG-GRONG
110707,1107,INDRA JAYA
110715,1107,PEUKAN BARO
110708,1107,KEMBANG TANJONG
110718,1107,SIMPANG TIGA
110709,1107,KOTA SIGLI
110716,1107,PIDIE
110703,1107,BATEE
110712,1107,MUARA TIGA
111101,1111,SAMALANGA
111111,1111,SIMPANG MAMPLAM
111108,1111,PANDRAH
111102,1111,JEUNIEB
111112,1111,PEULIMBANG
111103,1111,PEUDADA
111109,1111,JULI
111104,1111,JEUMPA
111113,1111,KOTA JUANG
111114,1111,KUALA
111110,1111,JANGKA
111105,1111,PEUSANGAN
111116,1111,PEUSANGAN SELATAN
111115,1111,PEUSANGAN SIBLAH
111106,1111,MAKMUR
111107,1111,GANDAPURA
111117,1111,KUTA BLANG
110815,1108,SAWANG
110816,1108,NISAM
110827,1108,NISAM ANTARA
110826,1108,BANDA BARO
110803,1108,KUTA MAKMUR
110822,1108,SIMPANG KRAMAT
110811,1108,SYAMTALIRA BAYU
110825,1108,GEUREDONG PASE
110807,1108,MEURAH MULIA
110805,1108,MATANGKULI
110820,1108,PAYA BAKONG
110824,1108,PIRAK TIMUR
110817,1108,COT GIREK
110814,1108,T. JAMBO AYE
110818,1108,LANGKAHAN
110809,1108,SEUNUDDON
110801,1108,BAKTIYA
110819,1108,BAKTIYA BARAT
110804,1108,LHOKSUKON
110812,1108,TANAH LUAS
110821,1108,NIBONG
110808,1108,SAMUDERA
110810,1108,SYAMTALIRA ARON
110813,1108,TANAH PASIR
110823,1108,LAPANG
110806,1108,MUARA BATU
110802,1108,DEWANTARA
111203,1112,MANGGENG
111209,1112,LEMBAH SABIL
111202,1112,TANGAN-TANGAN
111207,1112,SETIA
111201,1112,BLANG PIDIE
111208,1112,JEUMPA
111204,1112,SUSOH
111205,1112,KUALA BATEE
111206,1112,BABAH ROT
111302,1113,KUTAPANJANG
111309,1113,BLANGJERANGO
111301,1113,BLANGKEJEREN
111307,1113,PUTERI BETUNG
111306,1113,BLANGPEGAYON
111305,1113,PINING
111303,1113,RIKIT GAIB
111311,1113,PANTAN CUACA
111304,1113,TERANGUN
111310,1113,TERIPE JAYA
111607,1116,TAMIANG HULU
111610,1116,BANDAR PUSAKA
111606,1116,KEJURUAN MUDA
111611,1116,TENGGULUN
111608,1116,RANTAU
111605,1116,KOTA KUALASINPANG
111604,1116,SERUWAY
111602,1116,BENDAHARA
111609,1116,BANDA MULIA
111603,1116,KARANG BARU
111612,1116,SEKERAK
111601,1116,MANYAK PAYED
111505,1115,DARUL MAKMUR
111509,1115,TRIPA MAKMUR
111501,1115,KUALA
111507,1115,KUALA PESISIR
111508,1115,TADU RAYA
111504,1115,BEUTONG
111510,1115,BEUTONG ATEUH
111502,1115,SEUNAGAN
111506,1115,SUKA MAKMUE
111503,1115,SEUNAGAN TIMUR
111401,1114,TEUNOM
111409,1114,PASIE RAYA
111406,1114,PANGA
111402,1114,KRUENG SABEE
111403,1114,SETIA BHAKTI
111404,1114,SAMPOINIET
111408,1114,DARUL HIKMAH
111405,1114,JAYA
111407,1114,INDRA JAYA
111707,1117,TIMANG GAJAH
111710,1117,GAJAH PUTIH
111701,1117,PINTU RIME GAYO
111705,1117,BUKIT
111706,1117,WIH PESAM
111704,1117,BANDAR
111708,1117,BENER KELIPAH
111703,1117,SYIAH UTAMA
111709,1117,MESIDAH
111702,1117,PERMATA
111801,1118,MEUREUDU
111805,1118,MEURAH DUA
111804,1118,BANDAR DUA
111803,1118,JANGKA BUAYA
111802,1118,ULIM
111808,1118,TRIENGGADENG
111807,1118,PANTERAJA
111806,1118,BANDAR BARU
117103,1171,MEURAXA
117108,1171,JAYA BARU
117107,1171,BANDA RAYA
117101,1171,BAITURRAHMAN
117105,1171,LUENG BATA
117102,1171,KUTA ALAM
117106,1171,KUTA RAJA
117104,1171,SYIAH KUALA
117109,1171,ULEE KARENG
117202,1172,SUKAJAYA
117201,1172,SUKAKARYA
117401,1174,LANGSA TIMUR
117404,1174,LANGSA LAMA
117402,1174,LANGSA BARAT
117405,1174,LANGSA BARO
117403,1174,LANGSA KOTA
117303,1173,BLANG MANGAT
117301,1173,MUARA DUA
117304,1173,MUARA SATU
117302,1173,BANDA SAKTI
117501,1175,SIMPANG KIRI
117502,1175,PENANGGALAN
117503,1175,RUNDENG
117504,1175,SULTAN DAULAT
117505,1175,LONGKIB
120410,1204,IDANOGAWO
120411,1204,BAWOLATO
120427,1204,ULUGAWO
120406,1204,GIDO
120435,1204,SOGAE'ADU
120428,1204,MA'U
120429,1204,SOMOLO-MOLO
120405,1204,HILIDUHO
120420,1204,HILISERANGKAI
120421,1204,BOTOMUZOI
121315,1213,BATAHAN
121322,1213,SINUNUKAN
121313,1213,BATANG NATAL
121314,1213,LINGGA BAYU
121318,1213,RANTO BAEK
121308,1213,KOTANOPAN
121311,1213,ULU PUNGKUT
121310,1213,TAMBANGAN
121309,1213,LEMBAH SORIK MARAPI
121320,1213,PUNCAK SORIK MARAPI
121312,1213,MUARA SIPONGI
121321,1213,PAKANTAN
121301,1213,PANYABUNGAN
121304,1213,PANYABUNGAN SELATAN
121305,1213,PANYABUNGAN BARAT
121302,1213,PANYABUNGAN UTARA
121303,1213,PANYABUNGAN TIMUR
121319,1213,HUTA BARGOT
121316,1213,NATAL
121317,1213,MUARA BATANG GADIS
121306,1213,SIABU
121307,1213,BUKIT MALINTANG
121323,1213,NAGA JUANG
120307,1203,BATANG ANGKOLA
120321,1203,SAYUR MATINGGI
120330,1203,TANO TOMBANGAN
120332,1203,ANGKOLA MUARA TAIS
120303,1203,ANGKOLA TIMUR
120306,1203,ANGKOLA SELATAN
120301,1203,ANGKOLA BARAT
120331,1203,ANGKOLA SANGKUNUR
120302,1203,BATANG TORU
120320,1203,MARANCAR
120329,1203,MUARA BATANG TORU
120304,1203,SIPIROK
120314,1203,ARSE
120305,1203,SAIPAR DOLOK HOLE
120322,1203,AEK BILAH
120104,1201,PINANGSORI
120115,1201,BADIRI
120108,1201,SIBABANGUN
120119,1201,LUMUT
120118,1201,SUKA BANGUN
120103,1201,PANDAN
120114,1201,TUKKA
120120,1201,SARUDIK
120107,1201,TAPIAN NAULI
120113,1201,SITAHUIS
120106,1201,KOLANG
120102,1201,SORKAM
120110,1201,SORKAM BARAT
120116,1201,PASARIBU TOBING
120101,1201,BARUS
120109,1201,SOSORGADONG
120112,1201,ANDAM DEWI
120117,1201,BARUS UTARA
120105,1201,MANDUAMAS
120111,1201,SIRANDORUNG
120211,1202,PARMONANGAN
120203,1202,ADIAN KOTING
120204,1202,SIPOHOLON
120201,1202,TARUTUNG
120202,1202,SIATAS BARITA
120205,1202,PAHAE JULU
120206,1202,PAHAE JAE
120208,1202,PURBA TUA
120207,1202,SIMANGUMBAN
120213,1202,PANGARIBUAN
120214,1202,GAROGA
120212,1202,SIPAHUTAR
120209,1202,SIBORONG-BORONG
120210,1202,PAGARAN
120215,1202,MUARA
121201,1212,BALIGE
121222,1212,TAMPAHAN
121202,1212,LAGUBOTI
121204,1212,HABINSARAN
121206,1212,BORBOR
121221,1212,NASSAU
121203,1212,SILAEN
121219,1212,SIGUMPAR
121207,1212,PORSEA
121205,1212,PINTU POHAN MERANTI
121220,1212,SIANTAR NARUMONDA
121224,1212,PARMAKSIAN
121209,1212,LUMBAN JULU
121210,1212,ULUAN
121208,1212,AJIBATA
121223,1212,BONATUA LUNASI
121009,1210,BILAH HULU
121014,1210,PANGKATAN
121007,1210,BILAH BARAT
121008,1210,BILAH HILIR
121020,1210,PANAI HULU
121018,1210,PANAI TENGAH
121019,1210,PANAI HILIR
121002,1210,RANTAU SELATAN
121001,1210,RANTAU UTARA
120917,1209,BANDAR PASIR MANDOGE
120915,1209,BANDAR PULAU
120921,1209,AEK SONGSONGAN
120922,1209,RAHUNIG
120914,1209,PULAU RAKYAT
120918,1209,AEK KUASAN
120932,1209,AEK LEDONG
120911,1209,SEI KEPAYANG
120924,1209,SEI KEPAYANG BARAT
120925,1209,SEI KEPAYANG TIMUR
120910,1209,TANJUNG BALAI
120912,1209,SIMPANG EMPAT
120931,1209,TELUK DALAM
120913,1209,AIR BATU
120923,1209,SEI DADAP
120916,1209,BUNTU PANE
120926,1209,TINGGI RAJA
120927,1209,SETIA JANJI
120908,1209,MERANTI
120930,1209,PULO BANDRING
120929,1209,RAWANG PANCA ARGA
120909,1209,AIR JOMAN
120928,1209,SILAU LAUT
120919,1209,KOTA KISARAN BARAT
120920,1209,KOTA KISARAN TIMUR
120825,1208,SILIMAKUTA
120831,1208,PAMATANG SILIMA HUTA
120814,1208,PURBA
120815,1208,HARANGGAOL HORISON
120820,1208,DOLOK PARDAMEAN
120809,1208,SIDAMANIK
120810,1208,PEMATANG SIDAMANIK
120816,1208,GIRSANG SIPANGAN
120811,1208,TANAH JAWA
120812,1208,HATONDUHAN
120813,1208,DOLOK PANRIBUAN
120806,1208,JORLANG HATARAN
120804,1208,PANEI
120805,1208,PANOMBEIAN PANE
120829,1208,RAYA
120832,1208,DOLOG MASAGAL
120826,1208,DOLOK SILAU
120827,1208,SILOU KAHEAN
120807,1208,RAYA KAHEAN
120828,1208,TAPIAN DOLOK
120817,1208,DOLOK BATU NANGGAR
120801,1208,SIANTAR
120802,1208,GUNUNG MALELA
120803,1208,GUNUNG MALIGAS
120818,1208,HUTA BAYU RAJA
120819,1208,JAWA MARAJA BAH
120821,1208,PEMATANG BANDAR
120822,1208,BANDAR HULUAN
120823,1208,BANDAR
120824,1208,BANDAR MASILAM
120808,1208,BOSAR MALIGAS
120830,1208,UJUNG PADANG
121101,1211,SIDIKALANG
121113,1211,BERAMPU
121115,1211,SITINJO
121110,1211,PARBULUAN
121102,1211,SUMBUL
121114,1211,SILAHISABUNGAN
121105,1211,SILIMA PUNGGA PUNGGA
121111,1211,LAE PARIRA
121104,1211,SIEMPAT NEMPU
121107,1211,SIEMPAT NEMPU HULU
121108,1211,SIEMPAT NEMPU HILIR
121103,1211,TIGALINGGA
121112,1211,GUNUNG SITEMBER
121109,1211,PEGAGAN HILIR
121106,1211,TANAH PINEM
120610,1206,MARDINGDING
120609,1206,LAUBALENG
120608,1206,TIGABINANGA
120607,1206,JUHAR
120606,1206,MUNTE
120613,1206,KUTABULUH
120611,1206,PAYUNG
120617,1206,TIGANDERKET
120612,1206,SIMPANG EMPAT
120616,1206,NAMAN TERAN
120615,1206,MERDEKA
120601,1206,KABANJAHE
120602,1206,BERASTAGI
120604,1206,TIGAPANAH
120614,1206,DOLAT RAYAT
120605,1206,MEREK
120603,1206,BARUSJAHE
120701,1207,GUNUNG MERIAH
120720,1207,STM HULU
120703,1207,SIBOLANGIT
120704,1207,KUTALIMBARU
120705,1207,PANCUR BATU
120706,1207,NAMORAMBE
120707,1207,SIBIRU-BIRU
120708,1207,STM HILIR
120709,1207,BANGUN PURBA
120719,1207,GALANG
120702,1207,TANJUNG MORAWA
120721,1207,PATUMBAK
120722,1207,DELI TUA
120723,1207,SUNGGAL
120724,1207,HAMPARAN PERAK
120725,1207,LABUHAN DELI
120726,1207,PERCUT SEI TUAN
120727,1207,BATANG KUIS
120732,1207,PANTAI LABU
120733,1207,BERINGIN
120728,1207,LUBUK PAKAM
120731,1207,PAGAR MERBAU
120501,1205,BAHOROK
120521,1205,SIRAPIT
120502,1205,SALAPIAN
120522,1205,KUTAMBARU
120504,1205,SEI BINGAI
120503,1205,KUALA
120506,1205,SELESAI
120505,1205,BINJAI
120507,1205,STABAT
120508,1205,WAMPU
120519,1205,BATANG SERANGAN
120520,1205,SAWIT SEBERANG
120512,1205,PADANG TUALANG
120510,1205,HINAI
120509,1205,SECANGGANG
120511,1205,TANJUNG PURA
120513,1205,GEBANG
120514,1205,BABALAN
120517,1205,SEI LEPAN
120518,1205,BERANDAN BARAT
120516,1205,BESITANG
120515,1205,PANGKALAN SUSU
120523,1205,PEMATANG JAYA
121404,1214,HIBALA
121431,1214,TANAH MASA
121405,1214,PULAU-PULAU BATU
121416,1214,PULAU-PULAU BATU TIMUR
121428,1214,SIMUK
121429,1214,PULAU-PULAU BATU BARAT
121430,1214,PULAU-PULAU BATU UTARA
121406,1214,TELUK DALAM
121418,1214,FANAYAMA
121412,1214,TOMA
121410,1214,MANIAMOLO
121413,1214,MAZINO
121432,1214,LUAHAGUNDRE
121433,1214,ONOLALU
121407,1214,AMANDRAYA
121415,1214,ARAMO
121424,1214,ULUSUSUA
121403,1214,LAHUSA
121425,1214,SIDUA'ORI
121426,1214,SOMAMBAWA
121402,1214,GOMO
121409,1214,SUSUA
121417,1214,MAZO
121414,1214,UMBUNASI
121435,1214,IDANOTAE
121434,1214,ULU IDANOTAE
121427,1214,BORONADU
121401,1214,LOLOMATUA
121419,1214,ULUNOYO
121420,1214,HURUNA
121408,1214,LOLOWAU
121411,1214,HILIMEGAI
121421,1214,O'O'U
121422,1214,ONOHAZUMBA
121423,1214,HILISALAWA'AHE
121609,1216,PAKKAT
121608,1216,ONAN GANJANG
121607,1216,SIJAMAPOLANG
121606,1216,DOLOK SANGGUL
121605,1216,LINTONG NIHUTA
121604,1216,PARANGINAN
121603,1216,BAKTIRAJA
121602,1216,POLLUNG
121601,1216,PARLILITAN
121610,1216,TARABINTANG
121503,1215,SALAK
121501,1215,SITELU TALI URANG JEHE
121506,1215,PAGINDAR
121504,1215,SITELU TALI URANG JULU
121505,1215,PERGETTENG GETTENG
121502,1215,KERAJAAN
121507,1215,TINADA
121508,1215,SIEMPAT RUBE
121706,1217,SIANJAR MULA MULA
121705,1217,HARIAN
121709,1217,SITIO-TIO
121702,1217,ONAN RUNGGU
121703,1217,NAINGGOLAN
121704,1217,PALIPI
121707,1217,RONGGUR NIHUTA
121708,1217,PANGURURAN
121701,1217,SIMANINDO
121810,1218,KOTARIH
121811,1218,SILINDA
121817,1218,BINTANG BAYU
121809,1218,DOLOK MASIHUL
121812,1218,SERBA JADI
121808,1218,SIPISPIS
121807,1218,DOLOK MERAWAN
121813,1218,TEBING TINGGI
121816,1218,TEBING SYAHBANDAR
121806,1218,BANDAR KHALIPAH
121805,1218,TANJUNG BERINGIN
121804,1218,SEI RAMPAH
121815,1218,SEI BAMBAN
121803,1218,TELUK MENGKUDU
121802,1218,PERBAUNGAN
121814,1218,PEGAJAHAN
121801,1218,PANTAI CERMIN
121907,1219,SEI BALAI
121906,1219,TANJUNG TIRAM
121912,1219,NIBUNG HANGUS
121905,1219,TALAWI
121911,1219,DATUK TANAH DATAR
121904,1219,LIMA PULUH
121909,1219,LIMA PULUH PESISIR
121910,1219,DATUK LIMA PULUH
121903,1219,AIR PUTIH
121902,1219,SEI SUKA
121908,1219,LAUT TADOR
121901,1219,MEDANG DERAS
122007,1220,BATANG ONANG
122005,1220,PADANG BOLAK JULU
122006,1220,PORTIBI
122004,1220,PADANG BOLAK
122010,1220,PADANG BOLAK TENGGARA
122008,1220,SIMANGAMBAT
122012,1220,UJUNG BATU
122003,1220,HALONGONAN
122011,1220,HALONGONAN TIMUR
122002,1220,DOLOK
122001,1220,DOLOK SIGOMPULON
122009,1220,HULU SIHAPAS
122101,1221,SOSOPAN
122106,1221,ULU BARUMUN
122107,1221,BARUMUN
122110,1221,BARUMUN SELATAN
122104,1221,LUBUK BARUMUN
122108,1221,SOSA
122109,1221,BATANG LUBU SUTAM
122105,1221,HUTA RAJA TINGGI
122103,1221,HURISTAK
122111,1221,AEK NABARA BARUMUN
122102,1221,BARUMUN TENGAH
122204,1222,SUNGAI KANAN
122203,1222,TORGAMBA
122201,1222,KOTAPINANG
122205,1222,SILANGKITANG
122202,1222,KAMPUNG RAKYAT
122306,1223,NA IX - X
122305,1223,MARBAU
122304,1223,AEK KUO
122307,1223,AEK NATAS
122308,1223,KUALUH SELATAN
122303,1223,KUALUH HILIR
122301,1223,KUALUH HULU
122302,1223,KUALUH LEIDONG
122408,1224,TUGALA OYO
122407,1224,ALASA
122406,1224,ALASA TALUMUZOI
122405,1224,NAMOHALU ESIWA
122404,1224,SITOLU ORI
122403,1224,TUHEMBERUA
122402,1224,SAWO
122401,1224,LOTU
122411,1224,LAHEWA TIMUR
122409,1224,AFULU
122410,1224,LAHEWA
122502,1225,SIROMBU
122501,1225,LAHOMI
122508,1225,ULU MORO'O
122507,1225,LOLOFITU MOI
122506,1225,MANDREHE UTARA
122505,1225,MANDREHE
122503,1225,MANDREHE BARAT
122504,1225,MORO'O
127301,1273,SIBOLGA UTARA
127302,1273,SIBOLGA KOTA
127303,1273,SIBOLGA SELATAN
127304,1273,SIBOLGA SAMBAS
127405,1274,DATUK BANDAR
127406,1274,DATUK BANDAR TIMUR
127401,1274,TANJUNG BALAI SELATAN
127402,1274,TANJUNG BALAI UTARA
127403,1274,SEI TUALANG RASO
127404,1274,TELUK NIBUNG
127205,1272,SIANTAR MARIHAT
127208,1272,SIANTAR MARIMBUN
127204,1272,SIANTAR SELATAN
127202,1272,SIANTAR BARAT
127203,1272,SIANTAR UTARA
127201,1272,SIANTAR TIMUR
127206,1272,SIANTAR MARTOBA
127207,1272,SIANTAR SITALASARI
127601,1276,PADANG HULU
127605,1276,TEBING TINGGI KOTA
127602,1276,RAMBUTAN
127604,1276,BAJENIS
127603,1276,PADANG HILIR
127107,1271,MEDAN TUNTUNGAN
127111,1271,MEDAN JOHOR
127109,1271,MEDAN AMPLAS
127104,1271,MEDAN DENAI
127110,1271,MEDAN AREA
127101,1271,MEDAN KOTA
127115,1271,MEDAN MAIMUN
127116,1271,MEDAN POLONIA
127117,1271,MEDAN BARU
127121,1271,MEDAN SELAYANG
127102,1271,MEDAN SUNGGAL
127103,1271,MEDAN HELVETIA
127119,1271,MEDAN PETISAH
127105,1271,MEDAN BARAT
127120,1271,MEDAN TIMUR
127118,1271,MEDAN PERJUANGAN
127114,1271,MEDAN TEMBUNG
127106,1271,MEDAN DELI
127113,1271,MEDAN LABUHAN
127112,1271,MEDAN MARELAN
127108,1271,MEDAN BELAWAN
127505,1275,BINJAI SELATAN
127502,1275,BINJAI KOTA
127504,1275,BINJAI TIMUR
127501,1275,BINJAI UTARA
127503,1275,BINJAI BARAT
127705,1277,PADANGSIDIMPUAN TENGGARA
127702,1277,PADANGSIDIMPUAN SELATAN
127703,1277,PADANGSIDIMPUAN BATUNADUA
127701,1277,PADANGSIDIMPUAN UTARA
127704,1277,PADANGSIDIMPUAN HUTAIMBARU
127706,1277,PADANGSIDIMPUAN ANGKOLA JULU
127804,1278,GUNUNGSITOLI IDANOI
127802,1278,GUNUNGSITOLI SELATAN
127806,1278,GUNUNGSITOLI BARAT
127801,1278,GUNUNGSITOLI
127805,1278,GUNUNGSITOLI ALO'OA
127803,1278,GUNUNGSITOLI UTARA
130910,1309,PAGAI SELATAN
130909,1309,SIKAKAP
130901,1309,PAGAI UTARA
130902,1309,SIPORA SELATAN
130908,1309,SIPORA UTARA
130903,1309,SIBERUT SELATAN
130906,1309,SIBERUT BARAT DAYA
130907,1309,SIBERUT TENGAH
130904,1309,SIBERUT UTARA
130905,1309,SIBERUT BARAT
130115,1301,SILAUT
130110,1301,LUNANG
130111,1301,BASA AMPEK BALAI
130114,1301,RANAH AMPEK HULU
130101,1301,PANCUNG SOAL
130113,1301,AIRPURA
130109,1301,LINGGO SARI BAGANTI
130102,1301,RANAH PESISIR
130103,1301,LENGAYANG
130108,1301,SUTERA
130104,1301,BATANG KAPAS
130105,1301,IV JURAI
130106,1301,BAYANG
130112,1301,IV NAGARI BAYANG UTARA
130107,1301,KOTO XI TARUSAN
130203,1302,PANTAI CERMIN
130204,1302,LEMBAH GUMANTI
130217,1302,HILIRAN GUMANTI
130205,1302,PAYUNG SEKAKI
130218,1302,TIGO LURAH
130206,1302,LEMBANG JAYA
130219,1302,DANAU KEMBAR
130207,1302,GUNUNG TALANG
130208,1302,BUKIT SUNDI
130209,1302,IX KOTO SUNGAI LASI
130210,1302,KUBUNG
130212,1302,X KOTO DIATAS
130211,1302,X KOTO SINGKARAK
130213,1302,JUNJUNG SIRIH
130306,1303,KAMANG BARU
130303,1303,TANJUNG GADANG
130304,1303,SIJUNJUNG
130307,1303,LUBUAK TAROK
130305,1303,IV NAGARI
130310,1303,KUPITAN
130308,1303,KOTO VII
130309,1303,SUMPUR KUDUS
130401,1304,X KOTO
130402,1304,BATIPUH
130414,1304,BATIPUAH SELATAN
130409,1304,PARIANGAN
130403,1304,RAMBATAN
130404,1304,LIMA KAUM
130405,1304,TANJUNG EMAS
130411,1304,PADANG GANTING
130406,1304,LINTAU BUO
130413,1304,LINTAU BUO UTARA
130407,1304,SUNGAYANG
130408,1304,SUNGAI TARAB
130410,1304,SALIMPAUNG
130412,1304,TANJUANG BARU
130502,1305,BATANG ANAI
130501,1305,LUBUK ALUNG
130511,1305,SINTUAK TOBOH GADANG
130510,1305,ULAKAN TAPAKIH
130503,1305,NAN SABARIS
130504,1305,2 X 11 ENAM
130517,1305,ENAM LINGKUNG
130515,1305,2 X 11 KAYU TANAM
130505,1305,VII KOTO SUNGAI SARIK
130516,1305,PATAMUAN
130512,1305,PADANG SAGO
130506,1305,V KOTO KAMPUNG
130514,1305,V KOTO TIMUR
130508,1305,SUNGAI LIMAU
130513,1305,BATANG GASAN
130507,1305,SUNGAI GARINGGING
130509,1305,IV KOTO AUR MALINTANG
130601,1306,TANJUNG MUTIARA
130602,1306,LUBUK BASUNG
130613,1306,AMPEK NAGARI
130603,1306,TANJUNG RAYA
130604,1306,MATUR
130605,1306,IV KOTO
130616,1306,MALALAK
130606,1306,BANUHAMPU
130612,1306,SUNGAI PUA
130607,1306,AMPEK ANGKEK
130614,1306,CANDUNG
130608,1306,BASO
130609,1306,TILATANG KAMANG
130615,1306,KAMANG MAGEK
130611,1306,PELEMBAYAN
130610,1306,PALUPUH
130703,1307,PAYAKUMBUH
130713,1307,AKABILURU
130704,1307,LUAK
130709,1307,LAREH SAGO HALABAN
130710,1307,SITUJUAH LIMO NAGARI
130705,1307,HARAU
130702,1307,GUGUAK
130711,1307,MUNGKA
130701,1307,SULIKI
130712,1307,BUKIK BARISAN
130708,1307,GUNUANG OMEH
130707,1307,KAPUR IX
130706,1307,PANGKALAN KOTO BARU
130804,1308,BONJOL
130813,1308,TIGO NAGARI
130816,1308,SIMPANG ALAHAN MATI
130805,1308,LUBUK SIKAPING
130812,1308,DUO KOTO
130807,1308,PANTI
130817,1308,PADANG GELUGUR
130814,1308,RAO
130808,1308,MAPAT TUNGGUL
130815,1308,MAPAT TUNGGUL SELATAN
130819,1308,RAO SELATAN
130818,1308,RAO UTARA
131101,1311,SANGIR
131104,1311,SANGIR JUJUAN
131107,1311,SANGIR BALAI JANGGO
131105,1311,SANGIR BATANG HARI
131102,1311,SUNGAI PAGU
131106,1311,PAUH DUO
131103,1311,KOTO PARIK GADANG
131003,1310,SUNGAI RUMBAI
131011,1310,KOTO BESAR
131010,1310,ASAM JUJUHAN
131001,1310,KOTO BARU
131007,1310,KOTO SALAK
131008,1310,TIUMANG
131009,1310,PADANG LAWEH
131004,1310,SITIUNG
131006,1310,TIMPEH
131002,1310,PULAU PUNJUNG
131005,1310,SEMBILAN KOTO
131201,1312,SUNGAIBEREMAS
131207,1312,RANAH BATAHAN
131208,1312,KOTO BALINGKA
131209,1312,SUNGAIAUR
131202,1312,LEMBAH MELINTANG
131206,1312,GUNUNGTULEH
131204,1312,TALAMAU
131203,1312,PASAMAN
131210,1312,LUHAK NAN DUO
131211,1312,SASAK RANAH PESISIR
131205,1312,KINALI
137105,1371,BUNGUS TELUK KABUNG
137107,1371,LUBUK KILANGAN
137106,1371,LUBUK BEGALUNG
137101,1371,PADANG SELATAN
137102,1371,PADANG TIMUR
137103,1371,PADANG BARAT
137104,1371,PADANG UTARA
137110,1371,NANGGALO
137109,1371,KURANJI
137108,1371,PAUH
137111,1371,KOTO TANGAH
137201,1372,LUBUK SIKARAH
137202,1372,TANJUNG HARAPAN
137303,1373,SILUNGKANG
137301,1373,LEMBAH SEGAR
137302,1373,BARANGIN
137304,1373,TALAWI
137402,1374,PADANG PANJANG BARAT
137401,1374,PADANG PANJANG TIMUR
137501,1375,GUGUAK PANJANG
137502,1375,MANDIANGIN K. SELAYAN
137503,1375,AUR BIRUGO TIGO BALEH
137601,1376,PAYAKUMBUH BARAT
137605,1376,PAYAKUMBUH SELATAN
137603,1376,PAYAKUMBUH TIMUR
137602,1376,PAYAKUMBUH UTARA
137604,1376,LAMPOSI TIGO NAGORI
137703,1377,PARIAMAN SELATAN
137701,1377,PARIAMAN TENGAH
137704,1377,PARIAMAN TIMUR
137702,1377,PARIAMAN UTARA
140901,1409,KUANTAN MUDIK
140912,1409,HULU KUANTAN
140907,1409,GUNUNGTOAR
140915,1409,PUCUK RANTAU
140903,1409,SINGINGI
140908,1409,SINGINGI HILIR
140902,1409,KUANTAN TENGAH
140914,1409,SENTAJO RAYA
140906,1409,BENAI
140904,1409,KUANTAN HILIR
140909,1409,PANGEAN
140910,1409,LOGAS TANAH DARAT
140913,1409,KUANTAN HILIR SEBERANG
140905,1409,CERENTI
140911,1409,INUMAN
140205,1402,PERANAP
140214,1402,BATANG PERANAP
140206,1402,SIBERIDA
140207,1402,BATANG CENAKU
140208,1402,BATANG GANGSAL
140203,1402,KELAYANG
140213,1402,RAKIT KULIM
140204,1402,PASIR PENYU
140209,1402,LIRIK
140211,1402,SUNGAI LALA
140212,1402,LUBUK BATU JAYA
140202,1402,RENGAT BARAT
140201,1402,RENGAT
140210,1402,KUALA CENAKU
140409,1404,KERITANG
140414,1404,KEMUNING
140401,1404,RETEH
140420,1404,SUNGAI BATANG
140402,1404,ENOK
140410,1404,TANAH MERAH
140403,1404,KUALA INDRAGIRI
140418,1404,CONCONG
140404,1404,TEMBILAHAN
140413,1404,TEMBILAHAN HULU
140405,1404,TEMPULING
140419,1404,KEMPAS
140411,1404,BATANG TUAKA
140406,1404,GAUNG ANAK SERKA
140412,1404,GAUNG
140407,1404,MANDAH
140408,1404,KATEMAN
140415,1404,PELANGIRAN
140416,1404,TELUK BELENGKONG
140417,1404,PULAU BURUNG
140505,1405,LANGGAM
140502,1405,PANGKALAN KERINCI
140511,1405,BANDAR SEI KIJANG
140503,1405,PANGKALAN KURAS
140501,1405,UKUI
140504,1405,PANGKALAN LESUNG
140508,1405,BUNUT
140506,1405,PELALAWAN
140512,1405,BANDAR PETALANGAN
140510,1405,KUALA KAMPAR
140507,1405,KERUMUTAN
140509,1405,TELUK MERANTI
140803,1408,MINAS
140805,1408,SUNGAI MANDAU
140810,1408,KANDIS
140801,1408,SIAK
140807,1408,KERINCI KANAN
140804,1408,TUALANG
140806,1408,DAYUN
140811,1408,LUBUK DALAM
140809,1408,KOTO GASIB
140813,1408,MEMPURA
140802,1408,SUNGAI APIT
140808,1408,BUNGA RAYA
140812,1408,SABAK AUH
140814,1408,PUSAKO
140107,1401,KAMPAR KIRI
140109,1401,KAMPAR KIRI HULU
140108,1401,KAMPAR KIRI HILIR
140120,1401,GUNUNG SAHILAN
140119,1401,KAMPAR KIRI TENGAH
140104,1401,XIII KOTO KAMPAR
140121,1401,KOTO KAMPAR HULU
140105,1401,KUOK
140113,1401,SALO
140110,1401,TAPUNG
140112,1401,TAPUNG HULU
140111,1401,TAPUNG HILIR
140101,1401,BANGKINANG KOTA
140115,1401,BANGKINANG
140102,1401,KAMPAR
140117,1401,KAMPA
140114,1401,RUMBIO JAYA
140118,1401,KAMPAR UTARA
140103,1401,TAMBANG
140106,1401,SIAK HULU
140116,1401,PERHENTIAN RAJA
140602,1406,ROKAN IV KOTO
140616,1406,PENDALIAN IV KOTO
140611,1406,TANDUN
140612,1406,KABUN
140601,1406,UJUNG BATU
140607,1406,RAMBAH SAMO
140603,1406,RAMBAH
140608,1406,RAMBAH HILIR
140610,1406,BANGUN PURBA
140604,1406,TAMBUSAI
140609,1406,TAMBUSAI UTARA
140605,1406,KEPENUHAN
140615,1406,KEPENUHAN HULU
140606,1406,KUNTO DARUSSALAM
140614,1406,PAGARAN TAPAH
140613,1406,BONAI DARUSSALAM
140309,1403,MANDAU
140313,1403,PINGGIR
140316,1403,BATHIN SOLAPAN
140315,1403,TALANG MUANDAU
140303,1403,BUKIT BATU
140312,1403,SIAK KECIL
140314,1403,BANDAR LAKSAMANA
140310,1403,RUPAT
140311,1403,RUPAT UTARA
140301,1403,BENGKALIS
140302,1403,BANTAN
140703,1407,TANAH PUTIH
140708,1407,PUJUD
140709,1407,TANAH PUTIH TANJUNG
140713,1407,RANTAU KOPAR
140716,1407,TANJUNG MEDAN
140705,1407,BAGANSINEMBAH
140711,1407,SIMPANG KANAN
140717,1407,BAGAN SINEMBAH RAYA
140718,1407,BALAI JAYA
140701,1407,KUBU
140706,1407,PASIR LIMAU KAPAS
140715,1407,KUBU BABUSSALAM
140702,1407,BANGKO
140707,1407,SINABOI
140712,1407,BATU HAMPAR
140714,1407,PEKAITAN
140704,1407,RIMBA MELINTANG
140710,1407,BANGKO PUSAKO
141004,1410,TEBING TINGGI BARAT
141001,1410,TEBING TINGGI
141007,1410,TEBING TINGGI TIMUR
141003,1410,RANGSANG
141009,1410,RANGSANG PESISIR
141002,1410,RANGSANG BARAT
141005,1410,MERBAU
141006,1410,PULAUMERBAU
141008,1410,TASIK PUTRI PUYU
147108,1471,TAMPAN
147111,1471,PAYUNG SEKAKI
147107,1471,BUKIT RAYA
147109,1471,MARPOYAN DAMAI
147110,1471,TENAYAN RAYA
147104,1471,LIMA PULUH
147103,1471,SAIL
147102,1471,PEKANBARU KOTA
147101,1471,SUKAJADI
147105,1471,SENAPELAN
147106,1471,RUMBAI
147112,1471,RUMBAI PESISIR
147203,1472,BUKIT KAPUR
147205,1472,MEDANG KAMPAI
147204,1472,SUNGAI SEMBILAN
147201,1472,DUMAI BARAT
147207,1472,DUMAI SELATAN
147202,1472,DUMAI TIMUR
147206,1472,DUMAI KOTA
150101,1501,GUNUNG RAYA
150120,1501,BUKITKERMAN
150107,1501,BATANG MERANGIN
150108,1501,KELILING DANAU
150102,1501,DANAU KERINCI
150104,1501,SITINJAU LAUT
150105,1501,AIR HANGAT
150111,1501,AIR HANGAT TIMUR
150117,1501,DEPATI TUJUH
150121,1501,AIR HANGAT BARAT
150106,1501,GUNUNG KERINCI
150116,1501,SIULAK
150118,1501,SIULAK MUKAI
150109,1501,KAYU ARO
150115,1501,GUNUNG TUJUH
150119,1501,KAYU ARO BARAT
150201,1502,JANGKAT
150218,1502,JANGKAT TIMUR
150203,1502,MUARA SIAU
150209,1502,LEMBAH MASURAI
150224,1502,TIANG PUMPUNG
150206,1502,PAMENANG
150213,1502,PAMENANG BARAT
150219,1502,RENAH PAMENANG
150220,1502,PAMENANG SELATAN
150202,1502,BANGKO
150210,1502,BANGKO  BARAT
150211,1502,NALO TATAN
150212,1502,BATANG MASUMAI
150204,1502,SUNGAI MANAU
150216,1502,RENAH PEMBARAP
150217,1502,PANGKALAN JAMBU
150205,1502,TABIR
150207,1502,TABIR ULU
150208,1502,TABIR SELATAN
150214,1502,TABIR ILIR
150215,1502,TABIR TIMUR
150222,1502,TABIR LINTAS
150221,1502,MARGO TABIR
150223,1502,TABIR BARAT
150301,1503,BATANG ASAI
150302,1503,LIMUN
150310,1503,CERMIN NAN GEDANG
150305,1503,PELAWAN
150309,1503,SINGKUT
150303,1503,SAROLANGUN
150308,1503,BATHIN VIII
150304,1503,PAUH
150307,1503,AIR HITAM
150306,1503,MANDIANGIN
150401,1504,MERSAM
150406,1504,MARO SEBO ULU
150404,1504,BATIN XXIV
150402,1504,MUARA TEMBESI
150403,1504,MUARA BULIAN
150407,1504,BAJUBANG
150408,1504,MARO SEBO ILIR
150405,1504,PEMAYUNG
150505,1505,MESTONG
150507,1505,SUNGAI BAHAR
150510,1505,BAHAR SELATAN
150509,1505,BAHAR UTARA
150506,1505,KUMPEH ULU
150508,1505,SUNGAI GELAM
150503,1505,KUMPEH
150504,1505,MARO SEBO
150511,1505,TAMAN RAJO
150501,1505,JAMBI LUAR KOTA
150502,1505,SEKERNAN
150703,1507,MENDAHARA
150709,1507,MENDAHARA ULU
150710,1507,GERAGAI
150706,1507,DENDANG
150707,1507,MUARA SABAK BARAT
150701,1507,MUARA SABAK TIMUR
150708,1507,KUALA JAMBI
150704,1507,RANTAU RASAU
150711,1507,BERBAK
150702,1507,NIPAH PANJANG
150705,1507,S A D U
150601,1506,TUNGKAL ULU
150605,1506,MERLUNG
150607,1506,BATANG ASAM
150606,1506,TEBING TINGGI
150608,1506,RENAH MENDALUH
150609,1506,MUARA PAPALIK
150603,1506,PENGABUAN
150613,1506,SENYERANG
150602,1506,TUNGKAL ILIR
150611,1506,BRAM ITAM
150610,1506,SEBERANG KOTA
150604,1506,BETARA
150612,1506,KUALA BETARA
150902,1509,TEBO ILIR
150912,1509,MUARA TABIR
150901,1509,TEBO TENGAH
150905,1509,SUMAY
150909,1509,TENGAH ILIR
150904,1509,RIMBO BUJANG
150907,1509,RIMBO ULU
150908,1509,RIMBO ILIR
150903,1509,TEBO ULU
150906,1509,VII KOTO
150910,1509,SERAI SERUMPUN
150911,1509,VII KOTO ILIR
150806,1508,PELEPAT
150809,1508,PELEPAT ILIR
150810,1508,BATIN II BABEKO
150813,1508,RIMBO TENGAH
150812,1508,BUNGO DANI
150803,1508,PASAR MUARO BUNGO
150811,1508,BATHIN III
150802,1508,RANTAU PANDAN
150808,1508,MUKO-MUKO BATHIN VII
150814,1508,BATHIN III ULU
150805,1508,TANAH SEPENGGAL
150817,1508,TANAH SEPENGGAL LINTAS
150801,1508,TANAH TUMBUH
150807,1508,LIMBUR LUBUK
150815,1508,BATHIN II PELAYANG
150804,1508,JUJUHAN
150816,1508,JUJUHAN ILIR
157107,1571,KOTA BARU
157109,1571,ALAM BARAJO
157102,1571,JAMBI SELATAN
157111,1571,PAAL MERAH
157108,1571,JELUTUNG
157104,1571,PASAR JAMBI
157101,1571,TELANAIPURA
157110,1571,DANAU SIPIN
157106,1571,DANAU TELUK
157105,1571,PELAYANGAN
157103,1571,JAMBI TIMUR
157204,1572,TANAH KAMPUNG
157205,1572,KUMUN DEBAI
157201,1572,SUNGAI PENUH
157206,1572,PONDOK TINGGI
157208,1572,SUNGAI BUNGKAL
157203,1572,HAMPARAN RAWANG
157202,1572,PESISIR BUKIT
157207,1572,KOTO BARU
160128,1601,LENGKITI
160107,1601,SOSOH BUAY RAYAP
160108,1601,PENGANDONAN
160121,1601,SEMIDANG AJI
160120,1601,ULU OGAN
160131,1601,MUARA JAYA
160109,1601,PENINJAUAN
160122,1601,LUBUK BATANG
160129,1601,SINAR PENINJAUAN
160132,1601,KEDATON PENINJAUAN
160114,1601,BATURAJA TIMUR
160130,1601,LUBUK RAJA
160113,1601,BATURAJA BARAT
160213,1602,LEMPUING
160222,1602,LEMPUING JAYA
160204,1602,MESUJI
160215,1602,SUNGAI MENANG
160220,1602,MESUJI MAKMUR
160221,1602,MESUJI RAYA
160211,1602,TULUNG SELAPAN
160218,1602,CENGAL
160203,1602,PEDAMARAN
160224,1602,PEDAMARAN TIMUR
160202,1602,TANJUNG LUBUK
160223,1602,TELUK GELAM
160205,1602,KAYU AGUNG
160208,1602,SIRAH PULAU PADANG
160217,1602,JEJAWI
160212,1602,PAMPANGAN
160219,1602,PANGKALAN LAMPAM
160214,1602,AIR SUGIHAN
160308,1603,SEMENDE DARAT LAUT
160310,1603,SEMENDE DARAT ULU
160309,1603,SEMENDE DARAT TENGAH
160301,1603,TANJUNG AGUNG
160327,1603,PANANG ENIM
160315,1603,RAMBANG
160314,1603,LUBAI
160325,1603,LUBAI ULU
160307,1603,LAWANG KIDUL
160302,1603,MUARA ENIM
160311,1603,UJAN MAS
160304,1603,GUNUNG MEGANG
160319,1603,BENAKAT
160323,1603,BELIMBING
160303,1603,RAMBANG NIRU
160326,1603,EMPAT PETULAI DANGKU
160306,1603,GELUMBANG
160317,1603,LEMBAK
160316,1603,SUNGAI ROTAN
160322,1603,MUARA BELIDA
160321,1603,KELEKAR
160324,1603,BELIDA DARAT
160424,1604,TANJUNG SAKTI PUMI
160401,1604,TANJUNGSAKTI PUMU
160407,1604,KOTA AGUNG
160415,1604,MULAK ULU
160427,1604,TANJUNGTEBAT
160430,1604,MULAK SEBINGKAI
160408,1604,PULAUPINANG
160422,1604,PAGAR GUNUNG
160425,1604,GUMAY ULU
160406,1604,JARAI
160412,1604,PAJAR BULAN
160428,1604,MUARAPAYANG
160429,1604,SUKAMERINDU
160419,1604,KIKIM BARAT
160417,1604,KIKIM TIMUR
160416,1604,KIKIM SELATAN
160418,1604,KIKIM TENGAH
160410,1604,LAHAT
160421,1604,GUMAY TALANG
160420,1604,PSEKSU
160431,1604,LAHAT SELATAN
160409,1604,MERAPI BARAT
160423,1604,MERAPI TIMUR
160426,1604,MERAPI SELATAN
160510,1605,STL ULU TERAWAS
160511,1605,SELANGIT
160519,1605,SUMBER HARTA
160501,1605,TUGUMULYO
160513,1605,PURWODADI
160509,1605,MUARA BELITI
160518,1605,TIANG PUMPUNG
160508,1605,JAYALOKA
160521,1605,SUKA KARYA
160503,1605,MUARA KELINGI
160514,1605,BTS. ULU
160520,1605,TUAH NEGERI
160502,1605,MUARA LAKITAN
160512,1605,MEGANG SAKTI
160605,1606,SANGA DESA
160606,1606,BABAT TOMAN
160604,1606,BATANG HARI LEKO
160610,1606,PLAKAT TINGGI
160613,1606,LAWANG WETAN
160603,1606,SUNGAI KERUH
160615,1606,JIRAK JAYA
160601,1606,SEKAYU
160602,1606,LAIS
160607,1606,SUNGAI LILIN
160608,1606,KELUANG
160614,1606,BABAT SUPAT
160609,1606,BAYUNG LENCIR
160611,1606,LALAN
160612,1606,TUNGKAL JAYA
160711,1607,RANTAU BAYUR
160705,1607,BETUNG
160716,1607,SUAK TAPEH
160704,1607,PULAU RIMAU
160715,1607,TUNGKAL ILIR
160721,1607,SELAT PENUGUAN
160703,1607,BANYUASIN III
160717,1607,SEMBAWA
160710,1607,TALANG KELAPA
160712,1607,TANJUNG LAGO
160701,1607,BANYUASIN I
160719,1607,AIR KUMBANG
160706,1607,RAMBUTAN
160707,1607,MUARA PADANG
160713,1607,MUARA SUGIHAN
160709,1607,MAKARTI JAYA
160714,1607,AIR SALEK
160702,1607,BANYUASIN II
160720,1607,KARANG AGUNG ILIR
160708,1607,MUARA TELANG
160718,1607,SUMBER MARGA TELANG
160908,1609,MEKAKAU ILIR
160903,1609,BANDING AGUNG
160913,1609,WARKUK RANAU SELATAN
160912,1609,BUAY PEMATANG RIBU
160909,1609,BUAY PEMACA
160905,1609,SIMPANG
160917,1609,BUANA PEMACA
160901,1609,MUARA DUA
160919,1609,BUAY RAWAN
160906,1609,BUAY SANDANG AJI
160918,1609,TIGA DIHAJI
160907,1609,BUAY RUNJUNG
160914,1609,RUNJUNG AGUNG
160910,1609,KISAM TINGGI
160904,1609,MUARA DUA KISAM
160911,1609,KISAM ILIR
160902,1609,PULAU BERINGIN
160916,1609,SINDANG DANAU
160915,1609,SUNGAI ARE
160801,1608,MARTAPURA
160811,1608,BUNGA MAYANG
160816,1608,JAYAPURA
160805,1608,BUAY PEMUKA PELIUNG
160802,1608,BUAY MADANG
160812,1608,BUAY MADANG TIMUR
160820,1608,BUAY PEMUKA BANGSA
160806,1608,MADANG SUKU II
160813,1608,MADANG SUKU III
160807,1608,MADANG SUKU I
160818,1608,BELITANG MADANG RAYA
160803,1608,BELITANG
160817,1608,BELITANG JAYA
160810,1608,BELITANG III
160809,1608,BELITANG II
160819,1608,BELITANG MULYA
160808,1608,SEMENDAWAI SUKU III
160815,1608,SEMENDAWAI TIMUR
160804,1608,CEMPAKA
160814,1608,SEMENDAWAI BARAT
161001,1610,MUARA KUANG
161014,1610,RAMBANG KUANG
161015,1610,LUBUK KELIAT
161002,1610,TANJUNG BATU
161016,1610,PAYARAMAN
161006,1610,RANTAU ALAI
161013,1610,KANDIS
161003,1610,TANJUNG RAJA
161011,1610,RANTAU PANJANG
161012,1610,SUNGAI PINANG
161005,1610,PEMULUTAN
161009,1610,PEMULUTAN SELATAN
161010,1610,PEMULUTAN BARAT
161004,1610,INDRALAYA
161007,1610,INDRALAYA UTARA
161008,1610,INDRALAYA SELATAN
161101,1611,MUARA PINANG
161105,1611,LINTANG KANAN
161102,1611,PENDOPO
161110,1611,PENDOPO BARAT
161107,1611,PASEMAH AIR KERUH
161103,1611,ULU MUSI
161108,1611,SIKAP DALAM
161106,1611,TALANG PADANG
161104,1611,TEBING TINGGI
161109,1611,SALING
161201,1612,TALANG UBI
161205,1612,TANAH ABANG
161204,1612,ABAB
161203,1612,PENUKAL
161202,1612,PENUKAL UTARA
161307,1613,ULU RAWAS
161306,1613,KARANG JAYA
161302,1613,RAWAS ULU
161301,1613,RUPIT
161305,1613,KARANG DAPO
161304,1613,RAWAS ILIR
161303,1613,NIBUNG
167101,1671,ILIR BARAT II
167112,1671,GANDUS
167102,1671,SEBERANG ULU I
167113,1671,KERTAPATI
167117,1671,JAKABARING
167103,1671,SEBERANG ULU II
167114,1671,PLAJU
167104,1671,ILIR BARAT I
167111,1671,BUKIT KECIL
167105,1671,ILIR TIMUR I
167109,1671,KEMUNING
167106,1671,ILIR TIMUR II
167110,1671,KALIDONI
167118,1671,ILIR TIMUR TIGA
167108,1671,SAKO
167116,1671,SEMATANG BORANG
167107,1671,SUKARAMI
167115,1671,ALANG-ALANG LEBAR
167404,1674,RAMBANG KPK TENGAH
167402,1674,PRABUMULIH TIMUR
167406,1674,PRABUMULIH SELATAN
167401,1674,PRABUMULIH BARAT
167405,1674,PRABUMULIH UTARA
167403,1674,CAMBAI
167204,1672,DEMPO SELATAN
167205,1672,DEMPO TENGAH
167203,1672,DEMPO UTARA
167202,1672,PAGAR ALAM SELATAN
167201,1672,PAGAR ALAM UTARA
167302,1673,LUBUK LINGGAU BARAT I
167306,1673,LUBUK LINGGAU BARAT II
167303,1673,LUBUK LINGGAU SELATAN
167307,1673,LUBUK LINGGAU SELATAN II
167301,1673,LUBUK LINGGAU TIMUR I
167305,1673,LUBUK LINGGAU TIMUR
167304,1673,LUBUK LINGGAU UTARA I
167308,1673,LUBUK LINGGAU UTARA II
170104,1701,MANNA
170105,1701,KOTA MANNA
170101,1701,KEDURANG
170110,1701,BUNGA MAS
170111,1701,PASAR MANNA
170107,1701,KEDURANG ILIR
170102,1701,SEGINIM
170108,1701,AIR NIPIS
170103,1701,PINO
170106,1701,PINO RAYA
170109,1701,ULU MANNA
170206,1702,KOTA PADANG
170223,1702,SINDANG BELITI ILIR
170207,1702,PADANG ULAK TANDING
170208,1702,SINDANG KELINGI
170220,1702,BINDURIANG
170221,1702,SINDANG BELITI ULU
170222,1702,SINDANG DATARAN
170209,1702,CURUP
170210,1702,BERMANI ULU
170211,1702,SELUPU REJANG
170218,1702,CURUP SELATAN
170219,1702,CURUP TENGAH
170224,1702,BERMANI ULU RAYA
170216,1702,CURUP UTARA
170217,1702,CURUP TIMUR
170301,1703,ENGGANO
170306,1703,KERKAP
170316,1703,AIR NAPAL
170315,1703,AIR BESI
170319,1703,HULU PALIK
170322,1703,TANJUNG AGUNG PALIK
170307,1703,KOTA ARGA MAKMUR
170321,1703,ARMA JAYA
170310,1703,LAIS
170311,1703,BATIK NAU
170308,1703,GIRI MULYA
170320,1703,AIR PADANG
170309,1703,PADANG JAYA
170312,1703,KETAHUN
170313,1703,NAPAL PUTIH
170323,1703,ULOK KUPAI
170324,1703,PINANG RAYA
170314,1703,PUTRI HIJAU
170325,1703,MARGA SAKTI SEBELAT
170407,1704,NASAL
170406,1704,MAJE
170405,1704,KAUR SELATAN
170412,1704,TETAP
170404,1704,KAUR TENGAH
170410,1704,LUAS
170411,1704,MUARA SAHUNG
170401,1704,KINAL
170408,1704,SEMIDANG GUMAY
170402,1704,TANJUNG KEMUNING
170409,1704,KELAM TENGAH
170403,1704,KAUR UTARA
170414,1704,PADANG GUCI HILIR
170413,1704,LUNGKANG KULE
170415,1704,PADANG GUCI HULU
170505,1705,SEMIDANG ALAS MARAS
170504,1705,SEMIDANG ALAS
170503,1705,TALO
170514,1705,ILIR TALO
170512,1705,TALO KECIL
170513,1705,ULU TALO
170502,1705,SELUMA
170511,1705,SELUMA SELATAN
170508,1705,SELUMA BARAT
170509,1705,SELUMA TIMUR
170510,1705,SELUMA UTARA
170501,1705,SUKARAJA
170506,1705,AIR PERIUKAN
170507,1705,LUBUK SANDI
170605,1706,IPUH
170607,1706,AIR RAMI
170606,1706,MALIN DEMAN
170604,1706,PONDOK SUGUH
170615,1706,SUNGAI RUMBAI
170608,1706,TERAMANG JAYA
170603,1706,TERAS TERUNJAM
170610,1706,PENARIK
170609,1706,SELAGAN RAYA
170602,1706,KOTA MUKOMUKO
170614,1706,AIR DIKIT
170611,1706,XIV KOTO
170601,1706,LUBUK PINANG
170613,1706,AIR MAJUNTO
170612,1706,V KOTO
170705,1707,RIMBO PENGADANG
170706,1707,TOPOS
170704,1707,LEBONG SELATAN
170707,1707,BINGIN KUNING
170703,1707,LEBONG TENGAH
170708,1707,LEBONG SAKTI
170702,1707,LEBONG ATAS
170709,1707,PELABAI
170701,1707,LEBONG UTARA
170710,1707,AMEN
170711,1707,URAM JAYA
170712,1707,PINANG BELAPIS
170808,1708,MUARA KEMUMU
170801,1708,BERMANI ILIR
170807,1708,SEBERANG MUSI
170803,1708,TEBAT KARAI
170804,1708,KEPAHIANG
170806,1708,KEBAWETAN
170802,1708,UJAN MAS
170805,1708,MERIGI
170902,1709,TALANG EMPAT
170911,1709,SEMIDANG LAGAN
170901,1709,KARANG TINGGI
170906,1709,TABA PENANJUNG
170907,1709,MERIGI KELINDANG
170905,1709,PAGAR JATI
170908,1709,MERIGI SAKTI
170903,1709,PONDOK KELAPA
170909,1709,PONDOK KUBANG
170904,1709,PEMATANG TIGA
170910,1709,BANG HAJI
177101,1771,SELEBAR
177105,1771,KAMPUNG MELAYU
177102,1771,GADING CEMPAKA
177106,1771,RATU AGUNG
177107,1771,RATU SAMBAN
177109,1771,SINGARAN PATI
177103,1771,TELUK SEGARA
177108,1771,SUNGAI SERUT
177104,1771,MUARA BANGKA HULU
180404,1804,BALIK BUKIT
180411,1804,SUKAU
180422,1804,LUMBOK SEMINUNG
180406,1804,BELALAU
180408,1804,SEKINCAU
180409,1804,SUOH
180410,1804,BATU BRAK
180420,1804,PAGAR DEWA
180421,1804,BATU KETULIS
180423,1804,BANDAR NEGERI SUOH
180405,1804,SUMBER JAYA
180407,1804,WAY TENONG
180415,1804,GEDUNG SURIAN
180418,1804,KEBUN TEBU
180419,1804,AIR HITAM
180603,1806,WONOSOBO
180612,1806,SEMAKA
180625,1806,BANDAR NEGERI
180601,1806,KOTA AGUNG
180616,1806,PEMATANG SAWA
180619,1806,KOTA AGUNG TIMUR
180618,1806,KOTA AGUNG BARAT
180604,1806,PULAU PANGGUNG
180615,1806,ULU BELU
180626,1806,AIR NANINGAN
180602,1806,TALANG PADANG
180613,1806,SUMBER REJO
180620,1806,GISTING
180621,1806,GUNUNG ALIP
180611,1806,PUGUNG
180627,1806,BULOK
180609,1806,CUKUH BALAK
180617,1806,KLUMBAYAN
180624,1806,LIMAU
180628,1806,KLUMBAYAN BARAT
180104,1801,NATAR
180113,1801,JATI AGUNG
180105,1801,TANJUNG BINTANG
180122,1801,TANJUNG SARI
180108,1801,KATIBUNG
180118,1801,MERBAU MATARAM
180123,1801,WAY SULAN
180107,1801,SIDOMULYO
180117,1801,CANDIPURO
180124,1801,WAY PANJI
180106,1801,KALIANDA
180116,1801,RAJA BASA
180110,1801,PALAS
180115,1801,SRAGI
180109,1801,PENENGAHAN
180114,1801,KETAPANG
180121,1801,BAKAUHENI
180710,1807,METRO KIBANG
180706,1807,BATANGHARI
180705,1807,SEKAMPUNG
180711,1807,MARGA TIGA
180712,1807,SEKAMPUNG UDIK
180703,1807,JABUNG
180719,1807,PASIR SAKTI
180720,1807,WAWAY KARYA
180724,1807,MARGA SEKAMPUNG
180702,1807,LABUHAN MARINGGAI
180716,1807,MATARAM BARU
180715,1807,BANDAR SRIBHAWONO
180717,1807,MELINTING
180718,1807,GUNUNG PELINDUNG
180707,1807,WAY JEPARA
180722,1807,BRAJA SELEBAH
180721,1807,LABUHAN RATU
180701,1807,SUKADANA
180714,1807,BUMI AGUNG
180713,1807,BATANGHARI NUBAN
180704,1807,PEKALONGAN
180709,1807,RAMAN UTARA
180708,1807,PURBOLINGGO
180723,1807,WAY BUNGUR
180203,1802,PADANG RATU
180220,1802,SELAGAI LINGGA
180219,1802,PUBIAN
180221,1802,ANAK TUHA
180227,1802,ANAK RATU AJI
180201,1802,KALIREJO
180222,1802,SENDANG AGUNG
180202,1802,BANGUN REJO
180204,1802,GUNUNG SUGIH
180215,1802,BEKRI
180214,1802,BUMI RATU NUBAN
180205,1802,TRIMURJO
180206,1802,PUNGGUR
180223,1802,KOTA GAJAH
180208,1802,SEPUTIH RAMAN
180207,1802,TERBANGGI BESAR
180216,1802,SEPUTIH AGUNG
180217,1802,WAY PANGUBUAN
180213,1802,TERUSAN NUNYAI
180211,1802,SEPUTIH MATARAM
180218,1802,BANDAR MATARAM
180210,1802,SEPUTIH BANYAK
180225,1802,WAY SEPUTIH
180209,1802,RUMBIA
180224,1802,BUMI NABUNG
180228,1802,PUTRA RUMBIA
180212,1802,SEPUTIH SURABAYA
180226,1802,BANDAR SURABAYA
180301,1803,BUKIT KEMUNING
180312,1803,ABUNG TINGGI
180304,1803,TANJUNG RAJA
180306,1803,ABUNG BARAT
180311,1803,ABUNG TENGAH
180322,1803,ABUNG KUNANG
180319,1803,ABUNG PEKURUN
180302,1803,KOTABUMI
180309,1803,KOTABUMI UTARA
180310,1803,KOTABUMI SELATAN
180307,1803,ABUNG SELATAN
180313,1803,ABUNG SEMULI
180323,1803,BLAMBANGAN PAGAR
180305,1803,ABUNG TIMUR
180314,1803,ABUNG SURAKARTA
180303,1803,SUNGKAI SELATAN
180315,1803,MUARA SUNGKAI
180316,1803,BUNGA MAYANG
180321,1803,SUNGKAI BARAT
180320,1803,SUNGKAI JAYA
180308,1803,SUNGKAI UTARA
180317,1803,HULU SUNGKAI
180318,1803,SUNGKAI TENGAH
180803,1808,BANJIT
180804,1808,BARADATU
180810,1808,GUNUNG LABUHAN
180802,1808,KASUI
180809,1808,REBANG TANGKAS
180808,1808,WAY TUBA
180807,1808,NEGERI AGUNG
180801,1808,BLAMBANGAN UMPU
180805,1808,BAHUGA
180813,1808,BUAY BAHUGA
180814,1808,BUMI AGUNG
180806,1808,PAKUAN RATU
180811,1808,NEGARA BATIN
180812,1808,NEGERI BESAR
180508,1805,BANJAR AGUNG
180520,1805,BANJAR MARGO
180529,1805,BANJAR BARU
180506,1805,GEDUNG AJI
180523,1805,PENAWAR AJI
180526,1805,MERAKSA AJI
180502,1805,MENGGALA
180513,1805,PENAWAR TAMA
180512,1805,RAWA JITU SELATAN
180511,1805,GEDUNG MENENG
180518,1805,RAWA JITU TIMUR
180522,1805,RAWA PITU
180527,1805,GEDUNG AJI BARU
180525,1805,DENTE TELADAS
180530,1805,MENGGALA TIMUR
180906,1809,PUNDUH PIDADA
180908,1809,MARGA PUNDUH
180905,1809,PADANG CERMIN
180910,1809,TELUK PANDAN
180911,1809,WAY RATAI
180907,1809,KEDONDONG
180909,1809,WAY KHILAU
180904,1809,WAY LIMA
180901,1809,GEDONG TATAAN
180902,1809,NEGERI KATON
180903,1809,TEGINENENG
181004,1810,PARDASUKA
181003,1810,AMBARAWA
181005,1810,PAGELARAN
181009,1810,PAGELARAN UTARA
181001,1810,PRINGSEWU
181002,1810,GADING REJO
181008,1810,SUKOHARJO
181006,1810,BANYUMAS
181007,1810,ADILUWIH
181104,1811,WAY SERDANG
181105,1811,SIMPANG PEMATANG
181106,1811,PANCA JAYA
181107,1811,TANJUNG RAYA
181101,1811,MESUJI
181102,1811,MESUJI TIMUR
181103,1811,RAWA JITU UTARA
181203,1812,TULANG BAWANG UDIK
181202,1812,TUMIJAJAR
181201,1812,TULANG BAWANG TENGAH
181208,1812,PAGAR DEWA
181207,1812,LAMBU KIBANG
181204,1812,GUNUNG TERANG
181209,1812,BATU PUTIH
181205,1812,GUNUNG AGUNG
181206,1812,WAY KENANGA
181303,1813,LEMONG
181304,1813,PESISIR UTARA
181306,1813,PULAUPISANG
181305,1813,KARYA PENGGAWA
181307,1813,WAY KRUI
181301,1813,PESISIR TENGAH
181308,1813,KRUI SELATAN
181302,1813,PESISIR SELATAN
181309,1813,NGAMBUR
181310,1813,NGARAS
181311,1813,BANGKUNAT
187108,1871,TELUKBETUNG BARAT
187119,1871,TELUKBETUNG TIMUR
187107,1871,TELUKBETUNG SELATAN
187120,1871,BUMI WARAS
187104,1871,PANJANG
187105,1871,TANJUNGKARANG TIMUR
187118,1871,KEDAMAIAN
187109,1871,TELUKBETUNG UTARA
187106,1871,TANJUNGKARANG PUSAT
187117,1871,ENGGAL
187103,1871,TANJUNGKARANG BARAT
187113,1871,KEMILING
187116,1871,LANGKAPURA
187101,1871,KEDATON
187110,1871,RAJABASA
187111,1871,TANJUNG SENANG
187114,1871,LABUHAN RATU
187102,1871,SUKARAME
187112,1871,SUKABUMI
187115,1871,WAY HALIM
187205,1872,METRO SELATAN
187203,1872,METRO BARAT
187204,1872,METRO TIMUR
187201,1872,METRO PUSAT
187202,1872,METRO UTARA
190104,1901,MENDO BARAT
190103,1901,MERAWANG
190108,1901,PUDING BESAR
190101,1901,SUNGAILIAT
190105,1901,PEMALI
190106,1901,BAKAM
190102,1901,BELINYU
190107,1901,RIAU SILIP
190202,1902,MEMBALONG
190201,1902,TANJUNG PANDAN
190205,1902,BADAU
190204,1902,SIJUK
190203,1902,SELAT NASIK
190504,1905,KELAPA
190505,1905,TEMPILANG
190501,1905,MUNTOK
190502,1905,SIMPANG TERITIP
190503,1905,JEBUS
190506,1905,PARITTIGA
190401,1904,KOBA
190406,1904,LUBUK BESAR
190402,1904,PANGKALAN BARU
190405,1904,NAMANG
190403,1904,SUNGAI SELAN
190404,1904,SIMPANG KATIS
190305,1903,PAYUNG
190307,1903,PULAUBESAR
190304,1903,SIMPANG RIMBA
190301,1903,TOBOALI
190306,1903,TUKAK SADAI
190303,1903,AIR GEGAS
190302,1903,LEPAR PONGOK
190308,1903,KEPULAUAN PONGOK
190603,1906,DENDANG
190607,1906,SIMPANG PESAK
190602,1906,GANTUNG
190606,1906,SIMPANG RENGGIANG
190601,1906,MANGGAR
190605,1906,DAMAR
190604,1906,KELAPA KAMPIT
197104,1971,RANGKUI
197101,1971,BUKITINTAN
197107,1971,GIRIMAYA
197103,1971,PANGKAL BALAM
197106,1971,GABEK
197102,1971,TAMAN SARI
197105,1971,GERUNGGANG
210201,2102,MORO
210209,2102,DURAI
210202,2102,KUNDUR
210207,2102,KUNDUR UTARA
210208,2102,KUNDUR BARAT
210211,2102,UNGAR
210212,2102,BELAT
210203,2102,KARIMUN
210206,2102,BURU
210204,2102,MERAL
210205,2102,TEBING
210210,2102,MERAL BARAT
210108,2101,TELUK BINTAN
210107,2101,BINTAN UTARA
210110,2101,TELOK SEBONG
210115,2101,SERI KUALA LOBAM
210106,2101,BINTAN TIMUR
210104,2101,GUNUNG KIJANG
210113,2101,MANTANG
210114,2101,BINTAN PESISIR
210112,2101,TOAPAYA
210109,2101,TAMBELAN
210304,2103,MIDAI
210322,2103,SUAK MIDAI
210305,2103,BUNGURAN BARAT
210308,2103,BUNGURAN UTARA
210310,2103,PULAU LAUT
210311,2103,PULAU TIGA
210320,2103,BUNGURAN BATUBI
210321,2103,PULAU TIGA BARAT
210307,2103,BUNGURAN TIMUR
210315,2103,BUNGURAN TIMUR LAUT
210316,2103,BUNGURAN TENGAH
210318,2103,BUNGURAN SELATAN
210306,2103,SERASAN
210309,2103,SUBI
210319,2103,SERASAN TIMUR
210404,2104,SINGKEP BARAT
210410,2104,KEPULAUAN POSEK
210401,2104,SINGKEP
210409,2104,SINGKEP SELATAN
210406,2104,SINGKEP PESISIR
210402,2104,LINGGA
210408,2104,SELAYAR
210407,2104,LINGGA TIMUR
210405,2104,LINGGA UTARA
210403,2104,SENAYANG
210413,2104,BAKUNG SERUMPUN
210412,2104,TEMIANG PESISIR
210411,2104,KATANG BIDARE
210506,2105,JEMAJA
210509,2105,JEMAJA BARAT
210505,2105,JEMAJA TIMUR
210504,2105,SIANTAN SELATAN
210501,2105,SIANTAN
210503,2105,SIANTAN TIMUR
210507,2105,SIANTAN TENGAH
210502,2105,PALMATAK
210508,2105,SIANTAN UTARA
217101,2171,BELAKANG PADANG
217105,2171,BULANG
217108,2171,GALANG
217107,2171,SEI BEDUK
217111,2171,SAGULUNG
217104,2171,NONGSA
217110,2171,BATAM KOTA
217103,2171,SEKUPANG
217112,2171,BATU AJI
217106,2171,LUBUK BAJA
217102,2171,BATU AMPAR
217109,2171,BENGKONG
217204,2172,BUKIT BESTARI
217202,2172,TANJUNG PINANG TIMUR
217203,2172,TANJUNG PINANG KOTA
217201,2172,TANJUNG PINANG BARAT
310102,3101,KEPULAUAN SERIBU SELATAN
310101,3101,KEPULAUAN SERIBU UTARA
317409,3174,JAGAKARSA
317404,3174,PASAR MINGGU
317406,3174,CILANDAK
317410,3174,PESANGGRAHAN
317405,3174,KEBAYORAN LAMA
317407,3174,KEBAYORAN BARU
317403,3174,MAMPANG PRAPATAN
317408,3174,PANCORAN
317401,3174,TEBET
317402,3174,SETIABUDI
317505,3175,PASAR REBO
317509,3175,CIRACAS
317510,3175,CIPAYUNG
317508,3175,MAKASAR
317504,3175,KRAMATJATI
317503,3175,JATINEGARA
317507,3175,DUREN SAWIT
317506,3175,CAKUNG
317502,3175,PULOGADUNG
317501,3175,MATRAMAN
317107,3171,TANAH ABANG
317106,3171,MENTENG
317104,3171,SENEN
317108,3171,JOHAR BARU
317105,3171,CEMPAKA PUTIH
317103,3171,KEMAYORAN
317102,3171,SAWAH BESAR
317101,3171,GAMBIR
317308,3173,KEMBANGAN
317305,3173,KEBON JERUK
317307,3173,PAL MERAH
317302,3173,GROGOL PETAMBURAN
317304,3173,TAMBORA
317303,3173,TAMAN SARI
317301,3173,CENGKARENG
317306,3173,KALIDERES
317201,3172,PENJARINGAN
317205,3172,PADEMANGAN
317202,3172,TANJUNG PRIOK
317203,3172,KOJA
317206,3172,KELAPA GADING
317204,3172,CILINCING
320121,3201,NANGGUNG
320114,3201,LEUWILIANG
320139,3201,LEUWISADENG
320117,3201,PAMIJAHAN
320116,3201,CIBUNGBULANG
320115,3201,CIAMPEA
320140,3201,TENJOLAYA
320130,3201,DRAMAGA
320129,3201,CIOMAS
320131,3201,TAMANSARI
320128,3201,CIJERUK
320138,3201,CIGOMBONG
320127,3201,CARINGIN
320124,3201,CIAWI
320125,3201,CISARUA
320126,3201,MEGAMENDUNG
320104,3201,SUKARAJA
320105,3201,BABAKAN MADANG
320109,3201,SUKAMAKMUR
320108,3201,CARIU
320136,3201,TANJUNGSARI
320106,3201,JONGGOL
320107,3201,CILEUNGSI
320132,3201,KLAPANUNGGAL
320102,3201,GUNUNG PUTRI
320103,3201,CITEUREUP
320101,3201,CIBINONG
320113,3201,BOJONG GEDE
320137,3201,TAJURHALANG
320112,3201,KEMANG
320134,3201,RANCA BUNGUR
320110,3201,PARUNG
320133,3201,CISEENG
320111,3201,GUNUNG SINDUR
320118,3201,RUMPIN
320122,3201,CIGUDEG
320135,3201,SUKAJAYA
320119,3201,JASINGA
320123,3201,TENJO
320120,3201,PARUNG PANJANG
320222,3202,CIEMAS
320226,3202,CIRACAP
320220,3202,WALURAN
320224,3202,SURADE
320225,3202,CIBITUNG
320221,3202,JAMPANGKULON
320246,3202,CIMANGGU
320223,3202,KALIBUNDER
320245,3202,TEGALBULEUD
320243,3202,CIDOLOG
320241,3202,SAGARANTEN
320244,3202,CIDADAP
320242,3202,CURUGKEMBAR
320237,3202,PABUARAN
320207,3202,LENGKONG
320201,3202,PALABUHANRATU
320202,3202,SIMPENAN
320209,3202,WARUNGKIARA
320204,3202,BANTARGADUNG
320208,3202,JAMPANGTENGAH
320238,3202,PURABAYA
320210,3202,CIKEMBAR
320239,3202,NYALINDUNG
320240,3202,GEGERBITUNG
320233,3202,SUKARAJA
320234,3202,KEBONPEDES
320235,3202,CIREUNGHAS
320236,3202,SUKALARANG
320232,3202,SUKABUMI
320230,3202,KADUDAMPIT
320229,3202,CISAAT
320227,3202,GUNUNGGURUH
320211,3202,CIBADAK
320228,3202,CICANTAYAN
320231,3202,CARINGIN
320212,3202,NAGRAK
320247,3202,CIAMBAR
320216,3202,CICURUG
320217,3202,CIDAHU
320215,3202,PARAKANSALAK
320213,3202,PARUNGKUDA
320214,3202,BOJONGGENTENG
320218,3202,KALAPANUNGGAL
320206,3202,CIKIDANG
320205,3202,CISOLOK
320203,3202,CIKAKAK
320219,3202,KABANDUNGAN
320322,3203,AGRABINTA
320330,3203,LELES
320321,3203,SINDANGBARANG
320323,3203,CIDAUN
320324,3203,NARINGGUL
320320,3203,CIBINONG
320326,3203,CIKADU
320319,3203,TANGGEUNG
320332,3203,PASIRKUDA
320317,3203,KADUPANDAK
320329,3203,CIJATI
320316,3203,TAKOKAK
320314,3203,SUKANAGARA
320318,3203,PAGELARAN
320315,3203,CAMPAKA
320325,3203,CAMPAKAMULYA
320303,3203,CIBEBER
320302,3203,WARUNGKONDANG
320327,3203,GEKBRONG
320304,3203,CILAKU
320309,3203,SUKALUYU
320306,3203,BOJONGPICUNG
320331,3203,HAURWANGI
320305,3203,CIRANJANG
320308,3203,MANDE
320307,3203,KARANGTENGAH
320301,3203,CIANJUR
320311,3203,CUGENANG
320310,3203,PACET
320328,3203,CIPANAS
320313,3203,SUKARESMI
320312,3203,CIKALONGKULON
320439,3204,CIWIDEY
320440,3204,RANCABALI
320438,3204,PASIRJAMBU
320417,3204,CIMAUNG
320415,3204,PANGALENGAN
320431,3204,KERTASARI
320430,3204,PACET
320436,3204,IBUN
320435,3204,PASEH
320427,3204,CIKANCUNG
320425,3204,CICALENGKA
320426,3204,NAGREG
320428,3204,RANCAEKEK
320433,3204,MAJALAYA
320434,3204,SOLOKANJERUK
320429,3204,CIPARAY
320432,3204,BALEENDAH
320416,3204,ARJASARI
320413,3204,BANJARAN
320444,3204,CANGKUANG
320414,3204,PAMEUNGPEUK
320411,3204,KATAPANG
320437,3204,SOREANG
320446,3204,KUTAWARINGIN
320410,3204,MARGAASIH
320409,3204,MARGAHAYU
320412,3204,DAYEUHKOLOT
320408,3204,BOJONGSOANG
320405,3204,CILEUNYI
320407,3204,CILENGKRANG
320406,3204,CIMENYAN
320535,3205,CISEWU
320536,3205,CARINGIN
320537,3205,TALEGONG
320531,3205,BUNGBULANG
320532,3205,MEKARMUKTI
320534,3205,PAMULIHAN
320533,3205,PAKENJENG
320530,3205,CIKELET
320527,3205,PAMEUNGPEUK
320529,3205,CIBALONG
320528,3205,CISOMPET
320526,3205,PEUNDEUY
320524,3205,SINGAJAYA
320525,3205,CIHURIP
320522,3205,CIKAJANG
320523,3205,BANJARWANGI
320519,3205,CILAWU
320517,3205,BAYONGBONG
320518,3205,CIGEDUG
320520,3205,CISURUPAN
320521,3205,SUKARESMI
320507,3205,SAMARANG
320508,3205,PASIRWANGI
320505,3205,TAROGONG KIDUL
320504,3205,TAROGONG KALER
320501,3205,GARUT KOTA
320502,3205,KARANGPAWITAN
320503,3205,WANARAJA
320542,3205,SUCINARAJA
320541,3205,PANGATIKAN
320515,3205,SUKAWENING
320516,3205,KARANGTENGAH
320506,3205,BANYURESMI
320509,3205,LELES
320511,3205,LEUWIGOONG
320512,3205,CIBATU
320513,3205,KERSAMANAH
320540,3205,CIBIUK
320510,3205,KADUNGORA
320538,3205,BL. LIMBANGAN
320539,3205,SELAAWI
320514,3205,MALANGBONG
320601,3206,CIPATUJAH
320602,3206,KARANGNUNGGAL
320603,3206,CIKALONG
320604,3206,PANCATENGAH
320605,3206,CIKATOMAS
320606,3206,CIBALONG
320607,3206,PARUNGPONTENG
320608,3206,BANTARKALONG
320609,3206,BOJONGASIH
320610,3206,CULAMEGA
320611,3206,BOJONGGAMBIR
320612,3206,SODONGHILIR
320613,3206,TARAJU
320614,3206,SALAWU
320615,3206,PUSPAHIANG
320616,3206,TANJUNGJAYA
320617,3206,SUKARAJA
320618,3206,SALOPA
320619,3206,JATIWARAS
320620,3206,CINEAM
320621,3206,KARANG JAYA
320622,3206,MANONJAYA
320623,3206,GUNUNG TANJUNG
320624,3206,SINGAPARNA
320626,3206,SUKARAME
320625,3206,MANGUNREJA
320627,3206,CIGALONTANG
320628,3206,LEUWISARI
320630,3206,SARIWANGI
320629,3206,PADAKEMBANG
320631,3206,SUKARATU
320632,3206,CISAYONG
320633,3206,SUKAHENING
320634,3206,RAJAPOLAH
320635,3206,JAMANIS
320636,3206,CIAWI
320637,3206,KADIPATEN
320638,3206,PAGERAGEUNG
320639,3206,SUKARESIK
320718,3207,BANJARSARI
320737,3207,BANJARANYAR
320717,3207,LAKBOK
320735,3207,PURWADADI
320719,3207,PAMARICAN
320705,3207,CIDOLOG
320729,3207,CIMARAGAS
320703,3207,CIJEUNGJING
320730,3207,CISAGA
320716,3207,TAMBAKSARI
320715,3207,RANCAH
320713,3207,RAJADESA
320714,3207,SUKADANA
320701,3207,CIAMIS
320732,3207,BAREGBEG
320702,3207,CIKONENG
320731,3207,SINDANGKASIH
320706,3207,CIHAURBEUTI
320704,3207,SADANANYA
320711,3207,CIPAKU
320712,3207,JATINAGARA
320710,3207,PANAWANGAN
320709,3207,KAWALI
320734,3207,LUMBUNG
320708,3207,PANJALU
320733,3207,SUKAMANTRI
320707,3207,PANUMBANGAN
320817,3208,DARMA
320801,3208,KADUGEDE
320820,3208,NUSAHERANG
320802,3208,CINIRU
320826,3208,HANTARA
320815,3208,SELAJAMBE
320803,3208,SUBANG
320825,3208,CILEBAK
320804,3208,CIWARU
320829,3208,KARANG KANCANA
320805,3208,CIBINGBIN
320828,3208,CIBEUREUM
320806,3208,LURAGUNG
320824,3208,CIMAHI
320811,3208,CIDAHU
320827,3208,KALIMANGGIS
320810,3208,CIAWIGEBANG
320821,3208,CIPICUNG
320807,3208,LEBAKWANGI
320830,3208,MALEBER
320808,3208,GARAWANGI
320831,3208,SINDANGAGUNG
320809,3208,KUNINGAN
320818,3208,CIGUGUR
320816,3208,KRAMATMULYA
320812,3208,JALAKSANA
320823,3208,JAPARA
320813,3208,CILIMUS
320832,3208,CIGANDAMEKAR
320814,3208,MANDIRANCAN
320822,3208,PANCALANG
320819,3208,PASAWAHAN
320901,3209,WALED
320932,3209,PASALEMAN
320902,3209,CILEDUG
320933,3209,PABUARAN
320903,3209,LOSARI
320904,3209,PABEDILAN
320905,3209,BABAKAN
320930,3209,GEBANG
320906,3209,KARANGSEMBUNG
320934,3209,KARANGWARENG
320907,3209,LEMAHABANG
320908,3209,SUSUKAN LEBAK
320909,3209,SEDONG
320910,3209,ASTANAJAPURA
320911,3209,PANGENAN
320912,3209,MUNDU
320913,3209,BEBER
320938,3209,GREGED
320914,3209,TALUN
320915,3209,SUMBER
320916,3209,DUKUPUNTANG
320917,3209,PALIMANAN
320918,3209,PLUMBON
320931,3209,DEPOK
320919,3209,WERU
320936,3209,PLERED
320935,3209,TENGAH TANI
320920,3209,KEDAWUNG
320921,3209,GUNUNG JATI
320922,3209,KAPETAKAN
320939,3209,SURANENGGALA
320923,3209,KLANGENAN
320940,3209,JAMBLANG
320924,3209,ARJAWINANGUN
320925,3209,PANGURAGAN
320926,3209,CIWARINGIN
320937,3209,GEMPOL
320927,3209,SUSUKAN
320928,3209,GEGESIK
320929,3209,KALIWEDI
321001,3210,LEMAHSUGIH
321002,3210,BANTARUJEG
321026,3210,MALAUSMA
321003,3210,CIKIJING
321023,3210,CINGAMBUL
321004,3210,TALAGA
321022,3210,BANJARAN
321005,3210,ARGAPURA
321006,3210,MAJA
321007,3210,MAJALENGKA
321020,3210,CIGASONG
321008,3210,SUKAHAJI
321025,3210,SINDANG
321009,3210,RAJAGALUH
321021,3210,SINDANGWANGI
321010,3210,LEUWIMUNDING
321019,3210,PALASAH
321011,3210,JATIWANGI
321012,3210,DAWUAN
321024,3210,KASOKANDEL
321018,3210,PANYINGKIRAN
321013,3210,KADIPATEN
321014,3210,KERTAJATI
321015,3210,JATITUJUH
321016,3210,LIGUNG
321017,3210,SUMBERJAYA
321115,3211,JATINANGOR
321114,3211,CIMANGGUNG
321111,3211,TANJUNGSARI
321112,3211,SUKASARI
321113,3211,PAMULIHAN
321116,3211,RANCAKALONG
321117,3211,SUMEDANG SELATAN
321118,3211,SUMEDANG UTARA
321119,3211,GANEAS
321106,3211,SITURAJA
321105,3211,CISITU
321103,3211,DARMARAJA
321104,3211,CIBUGEL
321101,3211,WADO
321102,3211,JATINUNGGAL
321126,3211,JATIGEDE
321124,3211,TOMO
321125,3211,UJUNGJAYA
321107,3211,CONGGEANG
321108,3211,PASEH
321122,3211,CIMALAKA
321123,3211,CISARUA
321120,3211,TANJUNGKERTA
321121,3211,TANJUNGMEDAR
321110,3211,BUAHDUA
321109,3211,SURIAN
321201,3212,HAURGEULIS
321225,3212,GANTAR
321202,3212,KROYA
321203,3212,GABUSWETAN
321204,3212,CIKEDUNG
321226,3212,TRISI
321205,3212,LELEA
321206,3212,BANGODUA
321230,3212,TUKDANA
321207,3212,WIDASARI
321208,3212,KERTASEMAYA
321227,3212,SUKAGUMIWANG
321209,3212,KRANGKENG
321210,3212,KARANGAMPEL
321228,3212,KEDOKAN BUNDER
321211,3212,JUNTINYUAT
321212,3212,SLIYEG
321213,3212,JATIBARANG
321214,3212,BALONGAN
321215,3212,INDRAMAYU
321216,3212,SINDANG
321217,3212,CANTIGI
321229,3212,PASEKAN
321218,3212,LOHBENER
321219,3212,ARAHAN
321220,3212,LOSARANG
321221,3212,KANDANGHAUR
321222,3212,BONGAS
321223,3212,ANJATAN
321224,3212,SUKRA
321231,3212,PATROL
321301,3213,SAGALAHERANG
321323,3213,SERANGPANJANG
321312,3213,JALANCAGAK
321329,3213,CIATER
321302,3213,CISALAK
321326,3213,KASOMALANG
321314,3213,TANJUNGSIANG
321319,3213,CIJAMBE
321317,3213,CIBOGO
321303,3213,SUBANG
321304,3213,KALIJATI
321327,3213,DAWUAN
321320,3213,CIPEUNDEUY
321305,3213,PABUARAN
321316,3213,PATOKBEUSI
321306,3213,PURWADADI
321322,3213,CIKAUM
321307,3213,PAGADEN
321328,3213,PAGADEN BARAT
321318,3213,CIPUNAGARA
321315,3213,COMPRENG
321308,3213,BINONG
321325,3213,TAMBAKDAHAN
321309,3213,CIASEM
321311,3213,PAMANUKAN
321324,3213,SUKASARI
321310,3213,PUSAKANAGARA
321330,3213,PUSAKAJAYA
321321,3213,LEGONKULON
321313,3213,BLANAKAN
321403,3214,JATILUHUR
321415,3214,SUKASARI
321407,3214,MANIIS
321408,3214,TEGALWARU
321404,3214,PLERED
321405,3214,SUKATANI
321406,3214,DARANGDAN
321411,3214,BOJONG
321409,3214,WANAYASA
321417,3214,KIARAPEDES
321410,3214,PASAWAHAN
321416,3214,PONDOKSALAM
321401,3214,PURWAKARTA
321412,3214,BABAKANCIKAO
321402,3214,CAMPAKA
321414,3214,CIBATU
321413,3214,BUNGURSARI
321502,3215,PANGKALAN
321528,3215,TEGALWARU
321504,3215,CIAMPEL
321503,3215,TELUKJAMBE TIMUR
321527,3215,TELUKJAMBE BARAT
321505,3215,KLARI
321513,3215,CIKAMPEK
321529,3215,PURWASARI
321516,3215,TIRTAMULYA
321514,3215,JATISARI
321524,3215,BANYUSARI
321525,3215,KOTA BARU
321515,3215,CILAMAYA WETAN
321523,3215,CILAMAYA KULON
321519,3215,LEMAHABANG
321517,3215,TELAGASARI
321521,3215,MAJALAYA
321526,3215,KARAWANG TIMUR
321501,3215,KARAWANG BARAT
321518,3215,RAWAMERTA
321520,3215,TEMPURAN
321507,3215,KUTAWALUYA
321506,3215,RENGASDENGKLOK
321522,3215,JAYAKERTA
321510,3215,PEDES
321530,3215,CILEBAR
321511,3215,CIBUAYA
321509,3215,TIRTAJAYA
321508,3215,BATUJAYA
321512,3215,PAKISJAYA
321618,3216,SETU
321621,3216,SERANG BARU
321620,3216,CIKARANG PUSAT
321619,3216,CIKARANG SELATAN
321622,3216,CIBARUSAH
321623,3216,BOJONGMANGU
321611,3216,CIKARANG TIMUR
321612,3216,KEDUNG WARINGIN
321609,3216,CIKARANG UTARA
321610,3216,KARANG BAHAGIA
321607,3216,CIBITUNG
321608,3216,CIKARANG BARAT
321606,3216,TAMBUN SELATAN
321605,3216,TAMBUN UTARA
321602,3216,BABELAN
321601,3216,TARUMAJAYA
321604,3216,TAMBELANG
321603,3216,SUKAWANGI
321615,3216,SUKATANI
321614,3216,SUKAKARYA
321613,3216,PEBAYURAN
321616,3216,CABANGBUNGIN
321617,3216,MUARAGEMBONG
321713,3217,RONGGA
321715,3217,GUNUNGHALU
321714,3217,SINDANGKERTA
321711,3217,CILILIN
321710,3217,CIHAMPELAS
321712,3217,CIPONGKOR
321709,3217,BATUJAJAR
321716,3217,SAGULING
321707,3217,CIPATAT
321708,3217,PADALARANG
321706,3217,NGAMPRAH
321702,3217,PARONGPONG
321701,3217,LEMBANG
321703,3217,CISARUA
321704,3217,CIKALONGWETAN
321705,3217,CIPEUNDEUY
321803,3218,CIMERAK
321802,3218,CIJULANG
321804,3218,CIGUGUR
321805,3218,LANGKAPLANCAR
321801,3218,PARIGI
321810,3218,SIDAMULIH
321809,3218,PANGANDARAN
321808,3218,KALIPUCANG
321807,3218,PADAHERANG
321806,3218,MANGUNJAYA
327101,3271,BOGOR SELATAN
327102,3271,BOGOR TIMUR
327105,3271,BOGOR UTARA
327103,3271,BOGOR TENGAH
327104,3271,BOGOR BARAT
327106,3271,TANAH SAREAL
327205,3272,BAROS
327206,3272,LEMBURSITU
327207,3272,CIBEUREUM
327203,3272,CITAMIANG
327204,3272,WARUDOYONG
327201,3272,GUNUNGPUYUH
327202,3272,CIKOLE
327315,3273,BANDUNG KULON
327303,3273,BABAKAN CIPARAY
327304,3273,BOJONGLOA KALER
327317,3273,BOJONGLOA KIDUL
327310,3273,ASTANA ANYAR
327311,3273,REGOL
327313,3273,LENGKONG
327321,3273,BANDUNG KIDUL
327322,3273,BUAHBATU
327323,3273,RANCASARI
327327,3273,GEDEBAGE
327325,3273,CIBIRU
327328,3273,PANYILEUKAN
327326,3273,UJUNGBERUNG
327329,3273,CINAMBO
327324,3273,ARCAMANIK
327320,3273,ANTAPANI
327330,3273,MANDALAJATI
327316,3273,KIARACONDONG
327312,3273,BATUNUNGGAL
327319,3273,SUMUR BANDUNG
327305,3273,ANDIR
327306,3273,CICENDO
327309,3273,BANDUNG WETAN
327314,3273,CIBEUNYING KIDUL
327318,3273,CIBEUNYING KALER
327302,3273,COBLONG
327307,3273,SUKAJADI
327301,3273,SUKASARI
327308,3273,CIDADAP
327403,3274,HARJAMUKTI
327402,3274,LEMAH WUNGKUK
327404,3274,PEKALIPAN
327405,3274,KESAMBI
327401,3274,KEJAKSAN
327508,3275,PONDOKGEDE
327510,3275,JATISAMPURNA
327512,3275,PONDOKMELATI
327509,3275,JATIASIH
327507,3275,BANTARGEBANG
327511,3275,MUSTIKAJAYA
327501,3275,BEKASI TIMUR
327505,3275,RAWALUMBU
327504,3275,BEKASI SELATAN
327502,3275,BEKASI BARAT
327506,3275,MEDANSATRIA
327503,3275,BEKASI UTARA
327603,3276,SAWANGAN
327611,3276,BOJONGSARI
327601,3276,PANCORAN MAS
327607,3276,CIPAYUNG
327605,3276,SUKMAJAYA
327608,3276,CILODONG
327602,3276,CIMANGGIS
327610,3276,TAPOS
327606,3276,BEJI
327604,3276,LIMO
327609,3276,CINERE
327701,3277,CIMAHI SELATAN
327702,3277,CIMAHI TENGAH
327703,3277,CIMAHI UTARA
327805,3278,KAWALU
327807,3278,TAMANSARI
327806,3278,CIBEUREUM
327810,3278,PURBARATU
327803,3278,TAWANG
327801,3278,CIHIDEUNG
327808,3278,MANGKUBUMI
327804,3278,INDIHIANG
327809,3278,BUNGURSARI
327802,3278,CIPEDES
327901,3279,BANJAR
327903,3279,PURWAHARJA
327902,3279,PATARUMAN
327904,3279,LANGENSARI
330116,3301,DAYEUHLUHUR
330115,3301,WANAREJA
330114,3301,MAJENANG
330113,3301,CIMANGGU
330112,3301,KARANGPUCUNG
330118,3301,CIPARI
330111,3301,SIDAREJA
330101,3301,KEDUNGREJA
330119,3301,PATIMUAN
330110,3301,GANDRUNGMANGU
330120,3301,BANTARSARI
330109,3301,KAWUNGANTEN
330124,3301,KAMPUNG LAUT
330108,3301,JERUKLEGI
330102,3301,KESUGIHAN
330103,3301,ADIPALA
330107,3301,MAOS
330117,3301,SAMPANG
330106,3301,KROYA
330104,3301,BINANGUN
330105,3301,NUSAWUNGU
330121,3301,CILACAP SELATAN
330122,3301,CILACAP TENGAH
330123,3301,CILACAP UTARA
330201,3302,LUMBIR
330202,3302,WANGON
330203,3302,JATILAWANG
330204,3302,RAWALO
330205,3302,KEBASEN
330206,3302,KEMRANJEN
330207,3302,SUMPIUH
330208,3302,TAMBAK
330209,3302,SOMAGEDE
330210,3302,KALIBAGOR
330211,3302,BANYUMAS
330212,3302,PATIKRAJA
330213,3302,PURWOJATI
330214,3302,AJIBARANG
330215,3302,GUMELAR
330216,3302,PEKUNCEN
330217,3302,CILONGOK
330218,3302,KARANGLEWAS
330223,3302,KEDUNGBANTENG
330222,3302,BATURRADEN
330221,3302,SUMBANG
330220,3302,KEMBARAN
330219,3302,SOKARAJA
330224,3302,PURWOKERTO SELATAN
330225,3302,PURWOKERTO BARAT
330226,3302,PURWOKERTO TIMUR
330227,3302,PURWOKERTO UTARA
330301,3303,KEMANGKON
330302,3303,BUKATEJA
330303,3303,KEJOBONG
330316,3303,PENGADEGAN
330304,3303,KALIGONDANG
330305,3303,PURBALINGGA
330306,3303,KALIMANAH
330315,3303,PADAMARA
330307,3303,KUTASARI
330314,3303,BOJONGSARI
330308,3303,MREBET
330309,3303,BOBOTSARI
330310,3303,KARANGREJA
330317,3303,KARANGJAMBU
330311,3303,KARANGANYAR
330318,3303,KERTANEGARA
330312,3303,KARANGMONCOL
330313,3303,REMBANG
330401,3304,SUSUKAN
330402,3304,PURWOREJA KLAMPOK
330403,3304,MANDIRAJA
330404,3304,PURWANEGARA
330405,3304,BAWANG
330406,3304,BANJARNEGARA
330420,3304,PAGEDONGAN
330407,3304,SIGALUH
330408,3304,MADUKARA
330409,3304,BANJARMANGU
330410,3304,WANADADI
330411,3304,RAKIT
330412,3304,PUNGGELAN
330413,3304,KARANGKOBAR
330414,3304,PAGENTAN
330415,3304,PEJAWARAN
330416,3304,BATUR
330417,3304,WANAYASA
330418,3304,KALIBENING
330419,3304,PANDANARUM
330501,3305,AYAH
330502,3305,BUAYAN
330503,3305,PURING
330504,3305,PETANAHAN
330505,3305,KLIRONG
330506,3305,BULUSPESANTREN
330507,3305,AMBAL
330508,3305,MIRIT
330523,3305,BONOROWO
330509,3305,PREMBUN
330524,3305,PADURESO
330510,3305,KUTOWINANGUN
330511,3305,ALIAN
330525,3305,PONCOWARNO
330512,3305,KEBUMEN
330513,3305,PEJAGOAN
330514,3305,SRUWENG
330515,3305,ADIMULYO
330516,3305,KUWARASAN
330517,3305,ROWOKELE
330518,3305,SEMPOR
330519,3305,GOMBONG
330520,3305,KARANGANYAR
330521,3305,KARANGGAYAM
330522,3305,SADANG
330526,3305,KARANGSAMBUNG
330601,3306,GRABAG
330602,3306,NGOMBOL
330603,3306,PURWODADI
330604,3306,BAGELEN
330605,3306,KALIGESING
330606,3306,PURWOREJO
330607,3306,BANYUURIP
330608,3306,BAYAN
330609,3306,KUTOARJO
330610,3306,BUTUH
330611,3306,PITURUH
330612,3306,KEMIRI
330613,3306,BRUNO
330614,3306,GEBANG
330615,3306,LOANO
330616,3306,BENER
330701,3307,WADASLINTANG
330702,3307,KEPIL
330703,3307,SAPURAN
330715,3307,KALIBAWANG
330704,3307,KALIWIRO
330705,3307,LEKSONO
330714,3307,SUKOHARJO
330706,3307,SELOMERTO
330707,3307,KALIKAJAR
330708,3307,KERTEK
330709,3307,WONOSOBO
330710,3307,WATUMALANG
330711,3307,MOJOTENGAH
330712,3307,GARUNG
330713,3307,KEJAJAR
330801,3308,SALAMAN
330802,3308,BOROBUDUR
330803,3308,NGLUWAR
330804,3308,SALAM
330805,3308,SRUMBUNG
330806,3308,DUKUN
330808,3308,MUNTILAN
330809,3308,MUNGKID
330807,3308,SAWANGAN
330815,3308,CANDIMULYO
330810,3308,MERTOYUDAN
330811,3308,TEMPURAN
330812,3308,KAJORAN
330813,3308,KALIANGKRIK
330814,3308,BANDONGAN
330821,3308,WINDUSARI
330820,3308,SECANG
330819,3308,TEGALREJO
330816,3308,PAKIS
330818,3308,GRABAG
330817,3308,NGABLAK
330901,3309,SELO
330902,3309,AMPEL
330920,3309,GLADAGSARI
330903,3309,CEPOGO
330904,3309,MUSUK
330921,3309,TAMANSARI
330905,3309,BOYOLALI
330906,3309,MOJOSONGO
330907,3309,TERAS
330908,3309,SAWIT
330909,3309,BANYUDONO
330910,3309,SAMBI
330911,3309,NGEMPLAK
330912,3309,NOGOSARI
330913,3309,SIMO
330914,3309,KARANGGEDE
330915,3309,KLEGO
330916,3309,ANDONG
330917,3309,KEMUSU
330918,3309,WONOSEGORO
330922,3309,WONOSAMODRO
330919,3309,JUWANGI
331001,3310,PRAMBANAN
331002,3310,GANTIWARNO
331003,3310,WEDI
331004,3310,BAYAT
331005,3310,CAWAS
331006,3310,TRUCUK
331023,3310,KALIKOTES
331007,3310,KEBONARUM
331008,3310,JOGONALAN
331009,3310,MANISRENGGO
331010,3310,KARANGNONGKO
331022,3310,NGAWEN
331011,3310,CEPER
331012,3310,PEDAN
331013,3310,KARANGDOWO
331014,3310,JUWIRING
331015,3310,WONOSARI
331016,3310,DELANGGU
331017,3310,POLANHARJO
331018,3310,KARANGANOM
331019,3310,TULUNG
331020,3310,JATINOM
331021,3310,KEMALANG
331026,3310,KLATEN SELATAN
331025,3310,KLATEN TENGAH
331024,3310,KLATEN UTARA
331101,3311,WERU
331102,3311,BULU
331103,3311,TAWANGSARI
331104,3311,SUKOHARJO
331105,3311,NGUTER
331106,3311,BENDOSARI
331107,3311,POLOKARTO
331108,3311,MOJOLABAN
331109,3311,GROGOL
331110,3311,BAKI
331111,3311,GATAK
331112,3311,KARTASURA
331201,3312,PRACIMANTORO
331224,3312,PARANGGUPITO
331202,3312,GIRITONTRO
331203,3312,GIRIWOYO
331204,3312,BATUWARNO
331223,3312,KARANGTENGAH
331205,3312,TIRTOMOYO
331206,3312,NGUNTORONADI
331207,3312,BATURETNO
331208,3312,EROMOKO
331209,3312,WURYANTORO
331210,3312,MANYARAN
331211,3312,SELOGIRI
331212,3312,WONOGIRI
331213,3312,NGADIROJO
331214,3312,SIDOHARJO
331215,3312,JATIROTO
331216,3312,KISMANTORO
331217,3312,PURWANTORO
331218,3312,BULUKERTO
331225,3312,PUHPELEM
331219,3312,SLOGOHIMO
331220,3312,JATISRONO
331221,3312,JATIPURNO
331222,3312,GIRIMARTO
331301,3313,JATIPURO
331302,3313,JATIYOSO
331303,3313,JUMAPOLO
331304,3313,JUMANTONO
331305,3313,MATESIH
331306,3313,TAWANGMANGU
331307,3313,NGARGOYOSO
331308,3313,KARANGPANDAN
331309,3313,KARANGANYAR
331310,3313,TASIKMADU
331311,3313,JATEN
331312,3313,COLOMADU
331313,3313,GONDANGREJO
331314,3313,KEBAKKRAMAT
331315,3313,MOJOGEDANG
331316,3313,KERJO
331317,3313,JENAWI
331401,3314,KALIJAMBE
331402,3314,PLUPUH
331403,3314,MASARAN
331404,3314,KEDAWUNG
331405,3314,SAMBIREJO
331406,3314,GONDANG
331407,3314,SAMBUNGMACAN
331408,3314,NGRAMPAL
331409,3314,KARANGMALANG
331410,3314,SRAGEN
331411,3314,SIDOHARJO
331412,3314,TANON
331413,3314,GEMOLONG
331414,3314,MIRI
331415,3314,SUMBERLAWANG
331416,3314,MONDOKAN
331417,3314,SUKODONO
331418,3314,GESI
331419,3314,TANGEN
331420,3314,JENAR
331501,3315,KEDUNGJATI
331502,3315,KARANGRAYUNG
331503,3315,PENAWANGAN
331504,3315,TOROH
331505,3315,GEYER
331506,3315,PULOKULON
331507,3315,KRADENAN
331508,3315,GABUS
331509,3315,NGARINGAN
331510,3315,WIROSARI
331511,3315,TAWANGHARJO
331512,3315,GROBOGAN
331513,3315,PURWODADI
331514,3315,BRATI
331515,3315,KLAMBU
331516,3315,GODONG
331517,3315,GUBUG
331518,3315,TEGOWANU
331519,3315,TANGGUNGHARJO
331601,3316,JATI
331602,3316,RANDUBLATUNG
331603,3316,KRADENAN
331604,3316,KEDUNGTUBAN
331605,3316,CEPU
331606,3316,SAMBONG
331607,3316,JIKEN
331615,3316,BOGOREJO
331608,3316,JEPON
331609,3316,BLORA
331611,3316,BANJAREJO
331610,3316,TUNJUNGAN
331616,3316,JAPAH
331612,3316,NGAWEN
331613,3316,KUNDURAN
331614,3316,TODANAN
331701,3317,SUMBER
331702,3317,BULU
331703,3317,GUNEM
331704,3317,SALE
331705,3317,SARANG
331706,3317,SEDAN
331707,3317,PAMOTAN
331708,3317,SULANG
331709,3317,KALIORI
331710,3317,REMBANG
331711,3317,PANCUR
331712,3317,KRAGAN
331713,3317,SLUKE
331714,3317,LASEM
331801,3318,SUKOLILO
331802,3318,KAYEN
331803,3318,TAMBAKROMO
331804,3318,WINONG
331805,3318,PUCAKWANGI
331806,3318,JAKEN
331807,3318,BATANGAN
331808,3318,JUWANA
331809,3318,JAKENAN
331810,3318,PATI
331811,3318,GABUS
331812,3318,MARGOREJO
331813,3318,GEMBONG
331814,3318,TLOGOWUNGU
331815,3318,WEDARIJAKSA
331821,3318,TRANGKIL
331816,3318,MARGOYOSO
331817,3318,GUNUNGWUNGKAL
331818,3318,CLUWAK
331819,3318,TAYU
331820,3318,DUKUHSETI
331901,3319,KALIWUNGU
331902,3319,KOTA KUDUS
331903,3319,JATI
331904,3319,UNDAAN
331905,3319,MEJOBO
331906,3319,JEKULO
331907,3319,BAE
331908,3319,GEBOG
331909,3319,DAWE
332001,3320,KEDUNG
332002,3320,PECANGAAN
332013,3320,KALINYAMATAN
332003,3320,WELAHAN
332004,3320,MAYONG
332012,3320,NALUMSARI
332005,3320,BATEALIT
332011,3320,TAHUNAN
332006,3320,JEPARA
332007,3320,MLONGGO
332015,3320,PAKIS AJI
332008,3320,BANGSRI
332014,3320,KEMBANG
332009,3320,KELING
332016,3320,DONOROJO
332010,3320,KARIMUN JAWA
332101,3321,MRANGGEN
332102,3321,KARANGAWEN
332103,3321,GUNTUR
332104,3321,SAYUNG
332105,3321,KARANGTENGAH
332112,3321,BONANG
332111,3321,DEMAK
332106,3321,WONOSALAM
332107,3321,DEMPET
332114,3321,KEBONAGUNG
332108,3321,GAJAH
332109,3321,KARANGANYAR
332110,3321,MIJEN
332113,3321,WEDUNG
332201,3322,GETASAN
332202,3322,TENGARAN
332203,3322,SUSUKAN
332217,3322,KALIWUNGU
332204,3322,SURUH
332205,3322,PABELAN
332206,3322,TUNTANG
332207,3322,BANYUBIRU
332208,3322,JAMBU
332209,3322,SUMOWONO
332210,3322,AMBARAWA
332220,3322,BANDUNGAN
332211,3322,BAWEN
332212,3322,BRINGIN
332216,3322,BANCAK
332215,3322,PRINGAPUS
332213,3322,BERGAS
332218,3322,UNGARAN BARAT
332219,3322,UNGARAN TIMUR
332308,3323,PARAKAN
332317,3323,KLEDUNG
332316,3323,BANSARI
332301,3323,BULU
332303,3323,TEMANGGUNG
332314,3323,TLOGOMULYO
332302,3323,TEMBARAK
332315,3323,SELOPAMPANG
332313,3323,KRANGGAN
332304,3323,PRINGSURAT
332305,3323,KALORAN
332306,3323,KANDANGAN
332307,3323,KEDU
332309,3323,NGADIREJO
332310,3323,JUMO
332320,3323,GEMAWANG
332312,3323,CANDIROTO
332318,3323,BEJEN
332311,3323,TRETEP
332319,3323,WONOBOYO
332401,3324,PLANTUNGAN
332403,3324,SUKOREJO
332402,3324,PAGERUYUNG
332404,3324,PATEAN
332405,3324,SINGOROJO
332406,3324,LIMBANGAN
332407,3324,BOJA
332408,3324,KALIWUNGU
332420,3324,KALIWUNGU SELATAN
332409,3324,BRANGSONG
332410,3324,PEGANDON
332419,3324,NGAMPEL
332411,3324,GEMUH
332418,3324,RINGINARUM
332412,3324,WELERI
332416,3324,ROWOSARI
332417,3324,KANGKUNG
332413,3324,CEPIRING
332414,3324,PATEBON
332415,3324,KENDAL
332501,3325,WONOTUNGGAL
332502,3325,BANDAR
332503,3325,BLADO
332504,3325,REBAN
332505,3325,BAWANG
332506,3325,TERSONO
332507,3325,GRINGSING
332508,3325,LIMPUNG
332515,3325,BANYUPUTIH
332509,3325,SUBAH
332514,3325,PECALUNGAN
332510,3325,TULIS
332513,3325,KANDEMAN
332511,3325,BATANG
332512,3325,WARUNGASEM
332601,3326,KANDANGSERANG
332602,3326,PANINGGARAN
332603,3326,LEBAKBARANG
332604,3326,PETUNGKRIYONO
332605,3326,TALUN
332606,3326,DORO
332607,3326,KARANGANYAR
332608,3326,KAJEN
332609,3326,KESESI
332610,3326,SRAGI
332617,3326,SIWALAN
332611,3326,BOJONG
332612,3326,WONOPRINGGO
332613,3326,KEDUNGWUNI
332618,3326,KARANGDADAP
332614,3326,BUARAN
332615,3326,TIRTO
332616,3326,WIRADESA
332619,3326,WONOKERTO
332701,3327,MOGA
332714,3327,WARUNGPRING
332702,3327,PULOSARI
332703,3327,BELIK
332704,3327,WATUKUMPUL
332705,3327,BODEH
332706,3327,BANTARBOLANG
332707,3327,RANDUDONGKAL
332708,3327,PEMALANG
332709,3327,TAMAN
332710,3327,PETARUKAN
332711,3327,AMPELGADING
332712,3327,COMAL
332713,3327,ULUJAMI
332801,3328,MARGASARI
332802,3328,BUMIJAWA
332803,3328,BOJONG
332804,3328,BALAPULANG
332805,3328,PAGERBARANG
332806,3328,LEBAKSIU
332807,3328,JATINEGARA
332808,3328,KEDUNGBANTENG
332809,3328,PANGKAH
332810,3328,SLAWI
332818,3328,DUKUHWARU
332811,3328,ADIWERNA
332813,3328,DUKUHTURI
332812,3328,TALANG
332814,3328,TARUB
332815,3328,KRAMAT
332816,3328,SURADADI
332817,3328,WARUREJA
332901,3329,SALEM
332902,3329,BANTARKAWUNG
332903,3329,BUMIAYU
332904,3329,PAGUYANGAN
332905,3329,SIRAMPOG
332906,3329,TONJONG
332915,3329,LARANGAN
332916,3329,KETANGGUNGAN
332917,3329,BANJARHARJO
332912,3329,LOSARI
332913,3329,TANJUNG
332911,3329,KERSANA
332914,3329,BULAKAMBA
332908,3329,WANASARI
332910,3329,SONGGOM
332907,3329,JATIBARANG
332909,3329,BREBES
337101,3371,MAGELANG SELATAN
337103,3371,MAGELANG TENGAH
337102,3371,MAGELANG UTARA
337201,3372,LAWEYAN
337202,3372,SERENGAN
337203,3372,PASAR KLIWON
337204,3372,JEBRES
337205,3372,BANJARSARI
337303,3373,ARGOMULYO
337302,3373,TINGKIR
337304,3373,SIDOMUKTI
337301,3373,SIDOREJO
337414,3374,MIJEN
337412,3374,GUNUNGPATI
337411,3374,BANYUMANIK
337409,3374,GAJAHMUNGKUR
337407,3374,SEMARANG SELATAN
337408,3374,CANDISARI
337410,3374,TEMBALANG
337406,3374,PEDURUNGAN
337405,3374,GENUK
337404,3374,GAYAMSARI
337403,3374,SEMARANG TIMUR
337402,3374,SEMARANG UTARA
337401,3374,SEMARANG TENGAH
337413,3374,SEMARANG BARAT
337416,3374,TUGU
337415,3374,NGALIYAN
337501,3375,PEKALONGAN BARAT
337502,3375,PEKALONGAN TIMUR
337504,3375,PEKALONGAN SELATAN
337503,3375,PEKALONGAN UTARA
337603,3376,TEGAL SELATAN
337602,3376,TEGAL TIMUR
337601,3376,TEGAL BARAT
337604,3376,MARGADANA
340101,3401,TEMON
340102,3401,WATES
340103,3401,PANJATAN
340104,3401,GALUR
340105,3401,LENDAH
340106,3401,SENTOLO
340107,3401,PENGASIH
340108,3401,KOKAP
340109,3401,GIRIMULYO
340110,3401,NANGGULAN
340112,3401,KALIBAWANG
340111,3401,SAMIGALUH
340201,3402,SRANDAKAN
340202,3402,SANDEN
340203,3402,KRETEK
340204,3402,PUNDONG
340205,3402,BAMBANGLIPURO
340206,3402,PANDAK
340208,3402,BANTUL
340209,3402,JETIS
340210,3402,IMOGIRI
340211,3402,DLINGO
340213,3402,PLERET
340214,3402,PIYUNGAN
340212,3402,BANGUNTAPAN
340215,3402,SEWON
340216,3402,KASIHAN
340207,3402,PAJANGAN
340217,3402,SEDAYU
340306,3403,PANGGANG
340318,3403,PURWOSARI
340305,3403,PALIYAN
340315,3403,SAPTOSARI
340307,3403,TEPUS
340317,3403,TANJUNGSARI
340311,3403,RONGKOP
340316,3403,GIRISUBO
340308,3403,SEMANU
340310,3403,PONJONG
340309,3403,KARANGMOJO
340301,3403,WONOSARI
340303,3403,PLAYEN
340304,3403,PATUK
340314,3403,GEDANGSARI
340302,3403,NGLIPAR
340313,3403,NGAWEN
340312,3403,SEMIN
340403,3404,MOYUDAN
340404,3404,MINGGIR
340405,3404,SEYEGAN
340402,3404,GODEAN
340401,3404,GAMPING
340406,3404,MLATI
340407,3404,DEPOK
340408,3404,BERBAH
340409,3404,PRAMBANAN
340410,3404,KALASAN
340411,3404,NGEMPLAK
340412,3404,NGAGLIK
340413,3404,SLEMAN
340414,3404,TEMPEL
340415,3404,TURI
340416,3404,PAKEM
340417,3404,CANGKRINGAN
347108,3471,MANTRIJERON
347109,3471,KRATON
347112,3471,MERGANGSAN
347113,3471,UMBULHARJO
347114,3471,KOTAGEDE
347103,3471,GONDOKUSUMAN
347104,3471,DANUREJAN
347111,3471,PAKUALAMAN
347110,3471,GONDOMANAN
347106,3471,NGAMPILAN
347107,3471,WIROBRAJAN
347105,3471,GEDONGTENGEN
347102,3471,JETIS
347101,3471,TEGALREJO
350101,3501,DONOROJO
350103,3501,PUNUNG
350102,3501,PRINGKUKU
350104,3501,PACITAN
350105,3501,KEBONAGUNG
350106,3501,ARJOSARI
350107,3501,NAWANGAN
350108,3501,BANDAR
350109,3501,TEGALOMBO
350110,3501,TULAKAN
350111,3501,NGADIROJO
350112,3501,SUDIMORO
350202,3502,NGRAYUN
350201,3502,SLAHUNG
350203,3502,BUNGKAL
350204,3502,SAMBIT
350205,3502,SAWOO
350206,3502,SOOKO
350221,3502,PUDAK
350207,3502,PULUNG
350208,3502,MLARAK
350210,3502,SIMAN
350209,3502,JETIS
350211,3502,BALONG
350212,3502,KAUMAN
350220,3502,JAMBON
350213,3502,BADEGAN
350214,3502,SAMPUNG
350215,3502,SUKOREJO
350217,3502,PONOROGO
350216,3502,BABADAN
350218,3502,JENANGAN
350219,3502,NGEBEL
350301,3503,PANGGUL
350302,3503,MUNJUNGAN
350308,3503,WATULIMO
350307,3503,KAMPAK
350304,3503,DONGKO
350303,3503,PULE
350306,3503,KARANGAN
350314,3503,SURUH
350310,3503,GANDUSARI
350313,3503,DURENAN
350312,3503,POGALAN
350311,3503,TRENGGALEK
350305,3503,TUGU
350309,3503,BENDUNGAN
350415,3504,BESUKI
350417,3504,BANDUNG
350418,3504,PAKEL
350416,3504,CAMPURDARAT
350419,3504,TANGGUNGGUNUNG
350414,3504,KALIDAWIR
350412,3504,PUCANGLABAN
350413,3504,REJOTANGAN
350411,3504,NGUNUT
350410,3504,SUMBERGEMPOL
350402,3504,BOYOLANGU
350401,3504,TULUNGAGUNG
350403,3504,KEDUNGWARU
350404,3504,NGANTRU
350408,3504,KARANGREJO
350405,3504,KAUMAN
350409,3504,GONDANG
350406,3504,PAGERWOJO
350407,3504,SENDANG
350505,3505,BAKUNG
350508,3505,WONOTIRTO
350513,3505,PANGGUNGREJO
350520,3505,WATES
350516,3505,BINANGUN
350512,3505,SUTOJAYAN
350504,3505,KADEMANGAN
350510,3505,KANIGORO
350514,3505,TALUN
350522,3505,SELOPURO
350519,3505,KESAMBEN
350521,3505,SELOREJO
350518,3505,DOKO
350517,3505,WLINGI
350515,3505,GANDUSARI
350511,3505,GARUM
350509,3505,NGLEGOK
350507,3505,SANANKULON
350506,3505,PONGGOK
350503,3505,SRENGAT
350501,3505,WONODADI
350502,3505,UDANAWU
350602,3506,MOJO
350601,3506,SEMEN
350604,3506,NGADILUWIH
350603,3506,KRAS
350623,3506,RINGINREJO
350605,3506,KANDAT
350606,3506,WATES
350607,3506,NGANCAR
350609,3506,PLOSOKLATEN
350610,3506,GURAH
350608,3506,PUNCU
350618,3506,KEPUNG
350619,3506,KANDANGAN
350617,3506,PARE
350626,3506,BADAS
350621,3506,KUNJANG
350616,3506,PLEMAHAN
350615,3506,PURWOASRI
350614,3506,PAPAR
350611,3506,PAGU
350624,3506,KAYEN KIDUL
350612,3506,GAMPENGREJO
350625,3506,NGASEM
350622,3506,BANYAKAN
350613,3506,GROGOL
350620,3506,TAROKAN
350701,3507,DONOMULYO
350711,3507,KALIPARE
350702,3507,PAGAK
350703,3507,BANTUR
350729,3507,GEDANGAN
350704,3507,SUMBERMANJING WETAN
350705,3507,DAMPIT
350730,3507,TIRTOYUDO
350706,3507,AMPELGADING
350707,3507,PONCOKUSUMO
350708,3507,WAJAK
350709,3507,TUREN
350714,3507,BULULAWANG
350710,3507,GONDANGLEGI
350733,3507,PAGELARAN
350713,3507,KEPANJEN
350712,3507,SUMBERPUCUNG
350731,3507,KROMENGAN
350720,3507,NGAJUM
350732,3507,WONOSARI
350721,3507,WAGIR
350719,3507,PAKISAJI
350715,3507,TAJINAN
350716,3507,TUMPANG
350718,3507,PAKIS
350717,3507,JABUNG
350725,3507,LAWANG
350724,3507,SINGOSARI
350723,3507,KARANG PLOSO
350722,3507,DAU
350726,3507,PUJON
350727,3507,NGANTANG
350728,3507,KASEMBON
350801,3508,TEMPURSARI
350802,3508,PRONOJIWO
350803,3508,CANDIPURO
350804,3508,PASIRIAN
350805,3508,TEMPEH
350810,3508,LUMAJANG
350821,3508,SUMBERSUKO
350809,3508,TEKUNG
350806,3508,KUNIR
350807,3508,YOSOWILANGUN
350808,3508,ROWOKANGKUNG
350817,3508,JATIROTO
350818,3508,RANDUAGUNG
350815,3508,SUKODONO
350814,3508,PADANG
350811,3508,PASRUJAMBE
350812,3508,SENDURO
350813,3508,GUCIALIT
350816,3508,KEDUNGJAJANG
350819,3508,KLAKAH
350820,3508,RANUYOSO
350902,3509,KENCONG
350904,3509,GUMUKMAS
350908,3509,PUGER
350911,3509,WULUHAN
350912,3509,AMBULU
350918,3509,TEMPUREJO
350930,3509,SILO
350926,3509,MAYANG
350923,3509,MUMBULSARI
350916,3509,JENGGAWAH
350917,3509,AJUNG
350913,3509,RAMBIPUJI
350910,3509,BALUNG
350905,3509,UMBULSARI
350907,3509,SEMBORO
350901,3509,JOMBANG
350903,3509,SUMBERBARU
350906,3509,TANGGUL
350909,3509,BANGSALSARI
350914,3509,PANTI
350915,3509,SUKORAMBI
350922,3509,ARJASA
350924,3509,PAKUSARI
350927,3509,KALISAT
350928,3509,LEDOKOMBO
350931,3509,SUMBERJAMBE
350929,3509,SUKOWONO
350925,3509,JELBUK
350919,3509,KALIWATES
350921,3509,SUMBERSARI
350920,3509,PATRANG
351001,3510,PESANGGARAN
351022,3510,SILIRAGUNG
351002,3510,BANGOREJO
351003,3510,PURWOHARJO
351004,3510,TEGALDLIMO
351005,3510,MUNCAR
351006,3510,CLURING
351007,3510,GAMBIRAN
351023,3510,TEGALSARI
351010,3510,GLENMORE
351011,3510,KALIBARU
351009,3510,GENTENG
351008,3510,SRONO
351013,3510,ROGOJAMPI
351025,3510,BLIMBINGSARI
351014,3510,KABAT
351012,3510,SINGOJURUH
351020,3510,SEMPU
351019,3510,SONGGON
351015,3510,GLAGAH
351024,3510,LICIN
351016,3510,BANYUWANGI
351017,3510,GIRI
351021,3510,KALIPURO
351018,3510,WONGSOREJO
351101,3511,MAESAN
351106,3511,GRUJUGAN
351102,3511,TAMANAN
351123,3511,JAMBESARI DARUS
351105,3511,PUJER
351103,3511,TLOGOSARI
351104,3511,SUKOSARI
351118,3511,SUMBERWRINGIN
351110,3511,TAPEN
351109,3511,WONOSARI
351108,3511,TENGGARANG
351111,3511,BONDOWOSO
351107,3511,CURAHDAMI
351120,3511,BINAKAL
351117,3511,PAKEM
351112,3511,WRINGIN
351113,3511,TEGALAMPEL
351121,3511,TAMAN KROCOK
351114,3511,KLABANG
351119,3511,SEMPOL
351122,3511,BOTOLINGGO
351116,3511,PRAJEKAN
351115,3511,CERMEE
351215,3512,SUMBERMALANG
351201,3512,JATIBANTENG
351216,3512,BANYUGLUGUR
351202,3512,BESUKI
351203,3512,SUBOH
351204,3512,MLANDINGAN
351217,3512,BUNGATAN
351205,3512,KENDIT
351206,3512,PANARUKAN
351207,3512,SITUBONDO
351209,3512,MANGARAN
351208,3512,PANJI
351210,3512,KAPONGAN
351211,3512,ARJASA
351212,3512,JANGKAR
351213,3512,ASEMBAGUS
351214,3512,BANYUPUTIH
351301,3513,SUKAPURA
351302,3513,SUMBER
351303,3513,KURIPAN
351304,3513,BANTARAN
351305,3513,LECES
351320,3513,TEGALSIWALAN
351306,3513,BANYUANYAR
351307,3513,TIRIS
351308,3513,KRUCIL
351309,3513,GADING
351310,3513,PAKUNIRAN
351311,3513,KOTAANYAR
351312,3513,PAITON
351313,3513,BESUK
351314,3513,KRAKSAAN
351315,3513,KREJENGAN
351316,3513,PEJARAKAN
351317,3513,MARON
351318,3513,GENDING
351319,3513,DRINGU
351322,3513,WONOMERTO
351324,3513,LUMBANG
351323,3513,TONGAS
351321,3513,SUMBERASIH
351401,3514,PURWODADI
351402,3514,TUTUR
351403,3514,PUSPO
351424,3514,TOSARI
351404,3514,LUMBANG
351405,3514,PASREPAN
351406,3514,KEJAYAN
351407,3514,WONOREJO
351408,3514,PURWOSARI
351410,3514,PRIGEN
351409,3514,SUKOREJO
351411,3514,PANDAAN
351412,3514,GEMPOL
351413,3514,BEJI
351414,3514,BANGIL
351415,3514,REMBANG
351416,3514,KRATON
351417,3514,POHJENTREK
351418,3514,GONDANGWETAN
351423,3514,REJOSO
351419,3514,WINONGAN
351420,3514,GRATI
351422,3514,LEKOK
351421,3514,NGULING
351501,3515,TARIK
351502,3515,PRAMBON
351503,3515,KREMBUNG
351504,3515,PORONG
351505,3515,JABON
351506,3515,TANGGULANGIN
351507,3515,CANDI
351509,3515,TULANGAN
351510,3515,WONOAYU
351514,3515,SUKODONO
351508,3515,SIDOARJO
351515,3515,BUDURAN
351517,3515,SEDATI
351518,3515,WARU
351516,3515,GEDANGAN
351513,3515,TAMAN
351511,3515,KRIAN
351512,3515,BALONGBENDO
351601,3516,JATIREJO
351602,3516,GONDANG
351603,3516,PACET
351604,3516,TRAWAS
351605,3516,NGORO
351606,3516,PUNGGING
351607,3516,KUTOREJO
351608,3516,MOJOSARI
351610,3516,BANGSAL
351618,3516,MOJOANYAR
351609,3516,DLANGGU
351611,3516,PURI
351612,3516,TROWULAN
351613,3516,SOOKO
351614,3516,GEDEG
351615,3516,KEMLAGI
351616,3516,JETIS
351617,3516,DAWARBLANDONG
351718,3517,BANDARKEDUNGMULYO
351701,3517,PERAK
351702,3517,GUDO
351708,3517,DIWEK
351703,3517,NGORO
351707,3517,MOJOWARNO
351704,3517,BARENG
351705,3517,WONOSALAM
351706,3517,MOJOAGUNG
351711,3517,SUMOBITO
351719,3517,JOGOROTO
351710,3517,PETERONGAN
351709,3517,JOMBANG
351720,3517,MEGALUH
351713,3517,TEMBELANG
351712,3517,KESAMBEN
351717,3517,KUDU
351721,3517,NGUSIKAN
351714,3517,PLOSO
351716,3517,KABUH
351715,3517,PLANDAAN
351801,3518,SAWAHAN
351802,3518,NGETOS
351803,3518,BERBEK
351804,3518,LOCERET
351805,3518,PACE
351811,3518,TANJUNGANOM
351806,3518,PRAMBON
351807,3518,NGRONGGOT
351808,3518,KERTOSONO
351809,3518,PATIANROWO
351810,3518,BARON
351817,3518,GONDANG
351812,3518,SUKOMORO
351813,3518,NGANJUK
351814,3518,BAGOR
351815,3518,WILANGAN
351816,3518,REJOSO
351818,3518,NGLUYU
351819,3518,LENGKONG
351820,3518,JATIKALEN
351901,3519,KEBON SARI
351903,3519,GEGER
351902,3519,DOLOPO
351904,3519,DAGANGAN
351907,3519,WUNGU
351905,3519,KARE
351906,3519,GEMARANG
351912,3519,SARADAN
351913,3519,PILANGKENCENG
351911,3519,MEJAYAN
351915,3519,WONOASRI
351910,3519,BALEREJO
351908,3519,MADIUN
351914,3519,SAWAHAN
351909,3519,JIWAN
352001,3520,PONCOL
352002,3520,PARANG
352003,3520,LEMBEYAN
352004,3520,TAKERAN
352017,3520,NGUNTORONADI
352005,3520,KAWEDANAN
352006,3520,MAGETAN
352016,3520,NGARIBOYO
352007,3520,PLAOSAN
352018,3520,SIDOREJO
352008,3520,PANEKAN
352009,3520,SUKOMORO
352010,3520,BENDO
352011,3520,MAOSPATI
352013,3520,KARANGREJO
352014,3520,KARAS
352012,3520,BARAT
352015,3520,KARTOHARJO
352101,3521,SINE
352102,3521,NGRAMBE
352103,3521,JOGOROGO
352104,3521,KENDAL
352105,3521,GENENG
352118,3521,GERIH
352106,3521,KWADUNGAN
352114,3521,PANGKUR
352107,3521,KARANGJATI
352115,3521,BRINGIN
352108,3521,PADAS
352119,3521,KASREMAN
352109,3521,NGAWI
352110,3521,PARON
352111,3521,KEDUNGGALAR
352116,3521,PITU
352112,3521,WIDODAREN
352113,3521,MANTINGAN
352117,3521,KARANGANYAR
352222,3522,MARGOMULYO
352201,3522,NGRAHO
352202,3522,TAMBAKREJO
352203,3522,NGAMBON
352227,3522,SEKAR
352205,3522,BUBULAN
352226,3522,GONDANG
352221,3522,TEMAYANG
352207,3522,SUGIHWARAS
352208,3522,KEDUNGADEM
352209,3522,KEPOHBARU
352210,3522,BAURENO
352211,3522,KANOR
352212,3522,SUMBEREJO
352213,3522,BALEN
352224,3522,SUKOSEWU
352214,3522,KAPAS
352215,3522,BOJONEGORO
352223,3522,TRUCUK
352206,3522,DANDER
352204,3522,NGASEM
352228,3522,GAYAM
352216,3522,KALITIDU
352217,3522,MALO
352218,3522,PURWOSARI
352219,3522,PADANGAN
352220,3522,KASIMAN
352225,3522,KEDEWAN
352301,3523,KENDURUAN
352303,3523,BANGILAN
352305,3523,SENORI
352307,3523,SINGGAHAN
352310,3523,MONTONG
352309,3523,PARENGAN
352311,3523,SOKO
352314,3523,RENGEL
352320,3523,GRABAGAN
352317,3523,PLUMPANG
352319,3523,WIDANG
352318,3523,PALANG
352315,3523,SEMANDING
352316,3523,TUBAN
352312,3523,JENU
352313,3523,MERAKURAK
352308,3523,KEREK
352306,3523,TAMBAKBOYO
352302,3523,JATIROGO
352304,3523,BANCAR
352401,3524,SUKORAME
352402,3524,BLULUK
352404,3524,NGIMBANG
352411,3524,SAMBENG
352416,3524,MANTUP
352419,3524,KEMBANGBAHU
352412,3524,SUGIO
352406,3524,KEDUNGPRING
352403,3524,MODO
352405,3524,BABAT
352413,3524,PUCUK
352417,3524,SUKODADI
352422,3524,LAMONGAN
352423,3524,TIKUNG
352427,3524,SARIREJO
352425,3524,DEKET
352426,3524,GLAGAH
352424,3524,KARANGBINANGUN
352421,3524,TURI
352420,3524,KALITENGAH
352418,3524,KARANGGENENG
352409,3524,SEKARAN
352410,3524,MADURAN
352408,3524,LAREN
352415,3524,SOLOKURO
352414,3524,PACIRAN
352407,3524,BRONDONG
352506,3525,WRINGINANOM
352515,3525,DRIYOREJO
352508,3525,KEDAMEAN
352513,3525,MENGANTI
352511,3525,CERME
352504,3525,BENJENG
352502,3525,BALONGPANGGANG
352505,3525,DUDUKSAMPEYAN
352514,3525,KEBOMAS
352516,3525,GRESIK
352510,3525,MANYAR
352512,3525,BUNGAH
352509,3525,SIDAYU
352501,3525,DUKUN
352503,3525,PANCENG
352507,3525,UJUNGPANGKAH
352517,3525,SANGKAPURA
352518,3525,TAMBAK
352604,3526,KAMAL
352612,3526,LABANG
352611,3526,KWANYAR
352616,3526,MODUNG
352615,3526,BLEGA
352617,3526,KONANG
352618,3526,GALIS
352613,3526,TANAH MERAH
352614,3526,TRAGAH
352602,3526,SOCAH
352601,3526,BANGKALAN
352603,3526,BURNEH
352605,3526,AROSBAYA
352606,3526,GEGER
352610,3526,KOKOP
352609,3526,TANJUNG BUMI
352608,3526,SEPULU
352607,3526,KLAMPIS
352701,3527,SRESEH
352702,3527,TORJUN
352713,3527,PANGARENGAN
352703,3527,SAMPANG
352704,3527,CAMPLONG
352705,3527,OMBEN
352706,3527,KEDUNGDUNG
352707,3527,JRENGIK
352708,3527,TAMBELANGAN
352709,3527,BANYUATES
352710,3527,ROBATAL
352714,3527,KARANGPENANG
352712,3527,KETAPANG
352711,3527,SOKOBANAH
352801,3528,TLANAKAN
352802,3528,PADEMAWU
352803,3528,GALIS
352808,3528,LARANGAN
352804,3528,PAMEKASAN
352805,3528,PROPPO
352806,3528,PALENGGAAN
352807,3528,PEGANTENAN
352812,3528,KADUR
352809,3528,PAKONG
352810,3528,WARU
352811,3528,BATUMARMAR
352813,3528,PASEAN
352911,3529,PRAGAAN
352905,3529,BLUTO
352906,3529,SARONGGI
352908,3529,GILIGINTING
352904,3529,TALANGO
352902,3529,KALIANGET
352901,3529,KOTA SUMENEP
352926,3529,BATUAN
352907,3529,LENTENG
352910,3529,GANDING
352909,3529,GULUK-GULUK
352913,3529,PASONGSONGAN
352912,3529,AMBUNTEN
352915,3529,RUBARU
352914,3529,DASUK
352903,3529,MANDING
352917,3529,BATUPUTIH
352919,3529,GAPURA
352916,3529,BATANG BATANG
352918,3529,DUNGKEK
352921,3529,NONGGUNONG
352920,3529,GAYAM
352922,3529,RA'AS
352925,3529,SAPEKEN
352924,3529,ARJASA
352927,3529,KANGAYAN
352923,3529,MASALEMBU
357101,3571,MOJOROTO
357102,3571,KOTA
357103,3571,PESANTREN
357202,3572,SUKOREJO
357201,3572,KEPANJENKIDUL
357203,3572,SANANWETAN
357303,3573,KEDUNGKANDANG
357304,3573,SUKUN
357302,3573,KLOJEN
357301,3573,BLIMBING
357305,3573,LOWOKWARU
357401,3574,KADEMANGAN
357405,3574,KEDOPOK
357402,3574,WONOASIH
357403,3574,MAYANGAN
357404,3574,KANIGARAN
357501,3575,GADINGREJO
357502,3575,PURWOREJO
357503,3575,BUGUL KIDUL
357504,3575,PANGGUNGREJO
357601,3576,PRAJURITKULON
357602,3576,MAGERSARI
357603,3576,KRANGGAN
357702,3577,MANGUHARJO
357703,3577,TAMAN
357701,3577,KARTOHARJO
357801,3578,KARANG PILANG
357823,3578,JAMBANGAN
357822,3578,GAYUNGAN
357802,3578,WONOCOLO
357824,3578,TENGGILIS MEJOYO
357825,3578,GUNUNG ANYAR
357803,3578,RUNGKUT
357809,3578,SUKOLILO
357826,3578,MULYOREJO
357808,3578,GUBENG
357804,3578,WONOKROMO
357821,3578,DUKUH PAKIS
357820,3578,WIYUNG
357818,3578,LAKARSANTRI
357831,3578,SAMBIKEREP
357814,3578,TANDES
357827,3578,SUKOMANUNGGAL
357806,3578,SAWAHAN
357805,3578,TEGALSARI
357807,3578,GENTENG
357810,3578,TAMBAKSARI
357817,3578,KENJERAN
357829,3578,BULAK
357811,3578,SIMOKERTO
357816,3578,SEMAMPIR
357812,3578,PABEAN CANTIAN
357813,3578,BUBUTAN
357815,3578,KREMBANGAN
357828,3578,ASEM ROWO
357819,3578,BENOWO
357830,3578,PAKAL
357901,3579,BATU
357903,3579,JUNREJO
357902,3579,BUMIAJI
360101,3601,SUMUR
360102,3601,CIMANGGU
360103,3601,CIBALIUNG
360127,3601,CIBITUNG
360104,3601,CIKEUSIK
360105,3601,CIGEULIS
360106,3601,PANIMBANG
360135,3601,SOBANG
360108,3601,MUNJUL
360107,3601,ANGSANA
360131,3601,SINDANGRESMI
360111,3601,PICUNG
360110,3601,BOJONG
360114,3601,SAKETI
360123,3601,CISATA
360109,3601,PAGELARAN
360124,3601,PATIA
360129,3601,SUKARESMI
360112,3601,LABUAN
360128,3601,CARITA
360116,3601,JIPUT
360126,3601,CIKEDAL
360113,3601,MENES
360132,3601,PULOSARI
360117,3601,MANDALAWANGI
360118,3601,CIMANUK
360115,3601,CIPEUCANG
360120,3601,BANJAR
360119,3601,KADUHEJO
360130,3601,MEKARJAYA
360121,3601,PANDEGLANG
360134,3601,MAJASARI
360122,3601,CADASARI
360125,3601,KARANG TANJUNG
360133,3601,KORONCONG
360201,3602,MALINGPING
360221,3602,WANASALAM
360202,3602,PANGGARANGAN
360226,3602,CIHARA
360203,3602,BAYAH
360220,3602,CILOGRANG
360219,3602,CIBEBER
360216,3602,CIJAKU
360228,3602,CIGEMLONG
360209,3602,BANJARSARI
360210,3602,CILELES
360208,3602,GUNUNGKENCANA
360207,3602,BOJONGMANIK
360227,3602,CIRINTEN
360206,3602,LEUWIDAMAR
360205,3602,MUNCANG
360222,3602,SOBANG
360204,3602,CIPANAS
360225,3602,LEBAKGEDONG
360212,3602,SAJIRA
360211,3602,CIMARGA
360217,3602,CIKULUR
360215,3602,WARUNGGUNUNG
360218,3602,CIBADAK
360214,3602,RANGKASBITUNG
360224,3602,KALANGANYAR
360213,3602,MAJA
360223,3602,CURUG BITUNG
360305,3603,CISOKA
360331,3603,SOLEAR
360303,3603,TIGARAKSA
360304,3603,JAMBE
360318,3603,CIKUPA
360319,3603,PANONGAN
360317,3603,CURUG
360328,3603,KELAPA DUA
360320,3603,LEGOK
360322,3603,PAGEDANGAN
360323,3603,CISAUK
360312,3603,PASAR KEMIS
360329,3603,SINDANG JAYA
360301,3603,BALARAJA
360302,3603,JAYANTI
360327,3603,SUKAMULYA
360306,3603,KRESEK
360332,3603,GUNUNG KALER
360307,3603,KRONJO
360333,3603,MEKAR BARU
360308,3603,MAUK
360309,3603,KEMIRI
360310,3603,SUKADIRI
360311,3603,RAJEG
360316,3603,SEPATAN
360330,3603,SEPATAN TIMUR
360315,3603,PAKUHAJI
360313,3603,TELUKNAGA
360314,3603,KOSAMBI
360431,3604,CINANGKA
360429,3604,PADARINCANG
360427,3604,CIOMAS
360428,3604,PABUARAN
360433,3604,GUNUNG SARI
360422,3604,BAROS
360419,3604,PETIR
360420,3604,TUNJUNG TEJA
360423,3604,CIKEUSAL
360424,3604,PAMARAYAN
360434,3604,BANDUNG
360426,3604,JAWILAN
360425,3604,KOPO
360415,3604,CIKANDE
360416,3604,KIBIN
360411,3604,KRAGILAN
360406,3604,WARINGINKURUNG
360432,3604,MANCAK
360430,3604,ANYAR
360407,3604,BOJONEGARA
360408,3604,PULO AMPEL
360405,3604,KRAMATWATU
360409,3604,CIRUAS
360412,3604,PONTANG
360435,3604,LEBAK WANGI
360417,3604,CARENANG
360418,3604,BINUANG
360413,3604,TIRTAYASA
360414,3604,TANARA
367106,3671,CILEDUG
367113,3671,LARANGAN
367112,3671,KARANG TENGAH
367105,3671,CIPONDOH
367111,3671,PINANG
367101,3671,TANGERANG
367107,3671,KARAWACI
367102,3671,JATIUWUNG
367109,3671,CIBODAS
367108,3671,PERIUK
367103,3671,BATUCEPER
367110,3671,NEGLASARI
367104,3671,BENDA
367204,3672,CIWANDAN
367208,3672,CITANGKIL
367203,3672,PULOMERAK
367207,3672,PURWAKARTA
367206,3672,GEROGOL
367202,3672,CILEGON
367205,3672,JOMBANG
367201,3672,CIBEBER
367304,3673,CURUG
367303,3673,WALANTAKA
367305,3673,CIPOCOK JAYA
367301,3673,SERANG
367306,3673,TAKTAKAN
367302,3673,KASEMEN
367407,3674,SETU
367401,3674,SERPONG
367406,3674,PAMULANG
367404,3674,CIPUTAT
367405,3674,CIPUTAT TIMUR
367403,3674,PONDOK AREN
367402,3674,SERPONG UTARA
510104,5101,MELAYA
510101,5101,NEGARA
510105,5101,JEMBRANA
510102,5101,MENDOYO
510103,5101,PEKUTATAN
510201,5102,SELEMADEG
510202,5102,SALAMADEG TIMUR
510203,5102,SALEMADEG BARAT
510204,5102,KERAMBITAN
510205,5102,TABANAN
510206,5102,KEDIRI
510207,5102,MARGA
510209,5102,BATURITI
510208,5102,PENEBEL
510210,5102,PUPUAN
510305,5103,KUTA SELATAN
510301,5103,KUTA
510306,5103,KUTA UTARA
510302,5103,MENGWI
510303,5103,ABIANSEMAL
510304,5103,PETANG
510401,5104,SUKAWATI
510402,5104,BLAHBATUH
510403,5104,GIANYAR
510404,5104,TAMPAKSIRING
510405,5104,UBUD
510406,5104,TEGALLALANG
510407,5104,PAYANGAN
510501,5105,NUSA PENIDA
510502,5105,BANJARANGKAN
510503,5105,KLUNGKUNG
510504,5105,DAWAN
510601,5106,SUSUT
510602,5106,BANGLI
510603,5106,TEMBUKU
510604,5106,KINTAMANI
510701,5107,RENDANG
510702,5107,SIDEMEN
510703,5107,MANGGIS
510704,5107,KARANGASEM
510705,5107,ABANG
510706,5107,BEBANDEM
510707,5107,SELAT
510708,5107,KUBU
510801,5108,GEROKGAK
510802,5108,SERIRIT
510803,5108,BUSUNGBIU
510804,5108,BANJAR
510805,5108,SUKASADA
510806,5108,BULELENG
510807,5108,SAWAN
510808,5108,KUBUTAMBAHAN
510809,5108,TEJAKULA
517101,5171,DENPASAR SELATAN
517102,5171,DENPASAR TIMUR
517103,5171,DENPASAR BARAT
517104,5171,DENPASAR UTARA
520107,5201,SEKOTONG
520113,5201,LEMBAR
520101,5201,GERUNG
520108,5201,LABUAPI
520102,5201,KEDIRI
520115,5201,KURIPAN
520103,5201,NARMADA
520112,5201,LINGSAR
520109,5201,GUNUNGSARI
520114,5201,BATU LAYAR
520205,5202,PRAYA BARAT
520211,5202,PRAYA BARAT DAYA
520204,5202,PUJUT
520206,5202,PRAYA TIMUR
520207,5202,JANAPRIA
520209,5202,KOPANG
520201,5202,PRAYA
520210,5202,PRAYA TENGAH
520202,5202,JONGGAT
520208,5202,PRINGGARATA
520203,5202,BATUKLIANG
520212,5202,BATUKLIANG UTARA
520301,5203,KERUAK
520320,5203,JEROWARU
520302,5203,SAKRA
520319,5203,SAKRA BARAT
520318,5203,SAKRA TIMUR
520303,5203,TERARA
520311,5203,MONTONG GADING
520304,5203,SIKUR
520305,5203,MASBAGIK
520312,5203,PRINGGASELA
520306,5203,SUKAMULIA
520313,5203,SURALAGA
520307,5203,SELONG
520317,5203,LABUHAN HAJI
520308,5203,PRINGGABAYA
520316,5203,SUWELA
520309,5203,AIKMEL
520314,5203,WANASABA
520315,5203,SEMBALUN
520321,5203,LENEK
520310,5203,SAMBELIA
520402,5204,LUNYUK
520428,5204,ORONG TELU
520405,5204,ALAS
520417,5204,ALAS BARAT
520420,5204,BUER
520406,5204,UTAN
520421,5204,RHEE
520407,5204,BATU LANTEH
520408,5204,SUMBAWA
520418,5204,LABUHAN BADAS
520422,5204,UNTER IWES
520409,5204,MOYO HILIR
520423,5204,MOYO UTARA
520410,5204,MOYO HULU
520411,5204,ROPANG
520427,5204,LENANGGUAR
520429,5204,LANTUNG
520412,5204,LAPE
520426,5204,LOPOK
520413,5204,PLAMPANG
520419,5204,LABANGKA
520424,5204,MARONGE
520414,5204,EMPANG
520425,5204,TARANO
520503,5205,HU'U
520508,5205,PAJO
520501,5205,DOMPU
520505,5205,WOJA
520504,5205,KILO
520502,5205,KEMPO
520507,5205,MANGGALEWA
520506,5205,PEKAT
520601,5206,MONTA
520616,5206,PARADO
520602,5206,BOLO
520613,5206,MADAPANGGA
520603,5206,WOHA
520604,5206,BELO
520618,5206,PALIBELO
520605,5206,WAWO
520611,5206,LANGGUDU
520617,5206,LAMBITU
520606,5206,SAPE
520612,5206,LAMBU
520607,5206,WERA
520610,5206,AMBALAWI
520608,5206,DONGGO
520615,5206,SOROMANDI
520609,5206,SANGGAR
520614,5206,TAMBORA
520704,5207,SEKONGKANG
520701,5207,JEREWEH
520708,5207,MALUK
520702,5207,TALIWANG
520707,5207,BRANG ENE
520705,5207,BRANG REA
520703,5207,SETELUK
520706,5207,POTO TANO
520805,5208,PEMENANG
520801,5208,TANJUNG
520802,5208,GANGGA
520803,5208,KAYANGAN
520804,5208,BAYAN
527101,5271,AMPENAN
527104,5271,SEKARBELA
527102,5271,MATARAM
527105,5271,SELAPRANG
527103,5271,CAKRANEGARA
527106,5271,SANDUBAYA
527201,5272,RASANAE BARAT
527205,5272,MPUNDA
527202,5272,RASANAE TIMUR
527204,5272,RABA
527203,5272,ASAKOTA
531212,5312,LAMBOYA
531211,5312,WANOKAKA
531218,5312,LABOYA BARAT
531210,5312,LOLI
531215,5312,KOTA WAIKABUBAK
531204,5312,TANA RIGHU
531103,5311,LEWA
531104,5311,NGGAHA ORI ANGU
531118,5311,LEWA TIDAHU
531119,5311,KATALA HAMU LINGU
531105,5311,TABUNDUNG
531106,5311,PINU PAHAR
531112,5311,PABERIWAI
531113,5311,KARERA
531115,5311,MATAWAI LA PAWU
531114,5311,KAHAUNGU ETI
531122,5311,MAHU
531121,5311,NGADU NGALA
531110,5311,PAHUNGA LODU
531111,5311,WULLA WAIJELU
531109,5311,RINDI
531108,5311,UMALULU
531107,5311,PANDAWAI
531117,5311,KAMBATA
531101,5311,KOTA WAINGAPU
531116,5311,KAMBERA
531102,5311,HAHARU
531120,5311,KANATANG
530104,5301,SEMAU
530123,5301,SEMAU SELATAN
530105,5301,KUPANG BARAT
530116,5301,NEKAMESE
530108,5301,KUPANG TENGAH
530124,5301,TAEBENU
530109,5301,AMARASI
530117,5301,AMARASI BARAT
530118,5301,AMARASI SELATAN
530119,5301,AMARASI TIMUR
530106,5301,KUPANG TIMUR
530120,5301,AMABI OEFETO TIMUR
530125,5301,AMABI OEFETO
530107,5301,SULAMU
530110,5301,FATULEU
530128,5301,FATULEU TENGAH
530127,5301,FATULEU BARAT
530111,5301,TAKARI
530112,5301,AMFOANG SELATAN
530121,5301,AMFOANG BARAT DAYA
530130,5301,AMFOANG TENGAH
530113,5301,AMFOANG UTARA
530122,5301,AMFOANG BARAT LAUT
530126,5301,AMFOANG TIMUR
530203,5302,MOLLO UTARA
530212,5302,FATUMNASI
530231,5302,TOBU
530232,5302,NUNBENA
530202,5302,MOLLO SELATAN
530213,5302,POLEN
530222,5302,MOLLO BARAT
530230,5302,MOLLO TENGAH
530201,5302,KOTA SOE
530207,5302,AMANUBAN BARAT
530214,5302,BATU PUTIH
530227,5302,KUATNANA
530206,5302,AMANUBAN SELATAN
530226,5302,NOEBEBA
530211,5302,KUANFATU
530221,5302,KUALIN
530205,5302,AMANUBAN TENGAH
530219,5302,KOLBANO
530218,5302,OENINO
530204,5302,AMANUBAN TIMUR
530228,5302,FAUTMOLO
530229,5302,FATUKOPA
530210,5302,KI'E
530220,5302,KOT OLIN
530208,5302,AMANATUN SELATAN
530215,5302,BOKING
530217,5302,NUNKOLO
530224,5302,NOEBANA
530225,5302,SANTIAN
530209,5302,AMANATUN UTARA
530216,5302,TOIANAS
530223,5302,KOK BAUN
530302,5303,MIOMAFO BARAT
530311,5303,MIOMAFFO TENGAH
530312,5303,MUSI
530313,5303,MUTIS
530301,5303,MIOMAFO TIMUR
530304,5303,NOEMUTI
530314,5303,BIKOMI SELATAN
530315,5303,BIKOMI TENGAH
530316,5303,BIKOMI NILULAT
530317,5303,BIKOMI UTARA
530318,5303,NAIBENU
530310,5303,NOEMUTI TIMUR
530305,5303,KOTA KEFAMENANU
530308,5303,INSANA
530309,5303,INSANA UTARA
530320,5303,INSANA BARAT
530321,5303,INSANA TENGAH
530319,5303,INSANA FAFINESU
530303,5303,BIBOKI SELATAN
530322,5303,BIBOKI TAN PAH
530323,5303,BIBOKI MOENLEU
530306,5303,BIBOKI UTARA
530307,5303,BIBOKI ANLEU
530324,5303,BIBOKI FEOTLEU
530413,5304,RAIMANUK
530404,5304,TASIFETO BARAT
530405,5304,KAKULUK MESAK
530423,5304,NANAET DUABESI
530412,5304,KOTA ATAMBUA
530421,5304,ATAMBUA BARAT
530422,5304,ATAMBUA SELATAN
530402,5304,TASIFETOTIMUR
530403,5304,RAIHAT
530417,5304,LASIOLAT
530401,5304,LAMAKNEN
530418,5304,LAMAKNEN SELATAN
530506,5305,PANTAR
530509,5305,PANTAR BARAT
530514,5305,PANTAR TIMUR
530517,5305,PANTAR BARU LAUT
530516,5305,PANTAR TENGAH
530503,5305,ALOR BARAT DAYA
530512,5305,MATARU
530504,5305,ALOR SELATAN
530505,5305,ALOR TIMUR
530508,5305,ALOR TIMUR LAUT
530513,5305,PUREMAN
530501,5305,TELUK MUTIARA
530510,5305,KABOLA
530502,5305,ALOR BARAT LAUT
530507,5305,ALOR TENGAH UTARA
530511,5305,PULAU PURA
530515,5305,LEMBUR
531301,5313,NAGA WUTUNG
531308,5313,WULANDONI
531302,5313,ATADEI
531303,5313,ILE APE
531309,5313,ILE APE TIMUR
531304,5313,LEBATUKAN
531305,5313,NUBATUKAN
531306,5313,OMESURI
531307,5313,BUYASURI
530601,5306,WULANGGITANG
530602,5306,TITEHENA
530616,5306,ILE BURA
530605,5306,TANJUNG BUNGA
530615,5306,LEWOLEMA
530603,5306,LARANTUKA
530604,5306,ILE MANDIRI
530614,5306,DEMON PAGONG
530606,5306,SOLOR BARAT
530619,5306,SOLOR SELATAN
530607,5306,SOLOR TIMUR
530608,5306,ADONARA BARAT
530609,5306,WOTAN ULUMANDO
530618,5306,ADONARA TENGAH
530610,5306,ADONARA TIMUR
530613,5306,ILE BOLENG
530612,5306,WITIHAMA
530611,5306,KELUBAGOLIT
530617,5306,ADONARA
530701,5307,PAGA
530702,5307,MEGO
530717,5307,TANA WAWO
530703,5307,LELA
530711,5307,BOLA
530720,5307,DORENG
530721,5307,MAPITARA
530708,5307,TALIBURA
530709,5307,WAIGETE
530713,5307,WAIBLAMA
530710,5307,KEWAPANTE
530718,5307,HEWOKLOANG
530719,5307,KANGAE
530706,5307,PALUE
530716,5307,KOTING
530707,5307,NELLE
530704,5307,NITA
530712,5307,MAGEPANDA
530705,5307,ALOK
530714,5307,ALOK BARAT
530715,5307,ALOK TIMUR
530801,5308,NANGAPANDA
530802,5308,PULAU ENDE
530811,5308,MAUKARO
530803,5308,ENDE
530804,5308,ENDE SELATAN
530820,5308,ENDE TIMUR
530819,5308,ENDE TENGAH
530818,5308,ENDE UTARA
530805,5308,NDONA
530816,5308,NDONA TIMUR
530808,5308,WOLOWARU
530809,5308,WOLOJITA
530812,5308,LIO TIMUR
530814,5308,KELIMUTU
530817,5308,NDORI
530810,5308,MAUROLE
530813,5308,KOTA BARU
530815,5308,DETUKELI
530821,5308,LEPEMBUSU KELISOKE
530806,5308,DETUSOKO
530807,5308,WEWARIA
530901,5309,AIMERE
530912,5309,JEREBUU
530920,5309,INERIE
530906,5309,BAJAWA
530902,5309,GOLEWA
530918,5309,GOLEWA SELATAN
530919,5309,GOLEWA BARAT
530915,5309,BAJAWA UTARA
530907,5309,SOA
530909,5309,RIUNG
530914,5309,RIUNG BARAT
530916,5309,WOLOMEZE
531005,5310,SATAR MESE
531013,5310,SATAR MESE BARAT
531018,5310,SATAR MESE UTARA
531012,5310,LANGKE REMBONG
531003,5310,RUTENG
531001,5310,WAE RII
531015,5310,LELAK
531014,5310,RAHONG UTARA
531006,5310,CIBAL
531017,5310,CIBAL BARAT
531011,5310,REOK
531016,5310,REOK BARAT
531401,5314,ROTE BARAT DAYA
531402,5314,ROTE BARAT LAUT
531403,5314,LOBALAIN
531404,5314,ROTE TENGAH
531408,5314,ROTE  SELATAN
531405,5314,PANTAI BARU
531406,5314,ROTE TIMUR
531410,5314,LANDU LEKO
531407,5314,ROTE BARAT
531409,5314,NDAO NUSE
531505,5315,KOMODO
531506,5315,BOLENG
531504,5315,SANO NGGOANG
531510,5315,MBELILING
531503,5315,LEMBOR
531507,5315,WELAK
531509,5315,LEMBOR SELATAN
531502,5315,KUWUS
531508,5315,NDOSO
531512,5315,KUWUS BARAT
531501,5315,MACANG PACAR
531511,5315,PACAR
531701,5317,KATIKU TANA
531705,5317,KATIKU TANA SELATAN
531702,5317,UMBU RATU NGGAY BARAT
531704,5317,UMBU RATU NGGAY
531703,5317,MAMBORO
531806,5318,KODI BANGEDO
531811,5318,KODI BALAGHAR
531807,5318,KODI
531808,5318,KODI UTARA
531805,5318,WEWEWA SELATAN
531804,5318,WEWEWA BARAT
531803,5318,WEWEWA TIMUR
531810,5318,WEWEWA TENGAH
531802,5318,WEWEWA UTARA
531801,5318,LOURA
531809,5318,KOTA TAMBOLAKA
531604,5316,MAUPONGGO
531606,5316,KEO TENGAH
531602,5316,NANGARORO
531603,5316,BOAWAE
531607,5316,AESESA SELATAN
531601,5316,AESESA
531605,5316,WOLOWAE
531901,5319,BORONG
531907,5319,RANA MESE
531906,5319,KOTA KOMBA
531905,5319,ELAR
531909,5319,ELAR SELATAN
531904,5319,SAMBI RAMPAS
531902,5319,POCO RANAKA
531908,5319,POCO RANAKA TIMUR
531903,5319,LAMBA LEDA
532006,5320,RAIJUA
532005,5320,HAWU MEHARA
532004,5320,SABU LIAE
532001,5320,SABU BARAT
532002,5320,SABU TENGAH
532003,5320,SABU TIMUR
532103,5321,WEWIKU
532102,5321,MALAKA BARAT
532104,5321,WELIMAN
532105,5321,RINHAT
532106,5321,IO KUFEU
532107,5321,SASITAMEAN
532101,5321,MALAKA TENGAH
532112,5321,BOTIN LEOBELE
532108,5321,LAENMANEN
532109,5321,MALAKA TIMUR
532111,5321,KOBALIMA
532110,5321,KOBALIMA TIMUR
537101,5371,ALAK
537102,5371,MAULAFA
537104,5371,OEBOBO
537105,5371,KOTA RAJA
537103,5371,KELAPA LIMA
537106,5371,KOTA LAMA
610107,6101,SELAKAU
610119,6101,SELAKAU TIMUR
610105,6101,PEMANGKAT
610113,6101,SEMPARUK
610118,6101,SALATIGA
610104,6101,TEBAS
610112,6101,TEKARANG
610101,6101,SAMBAS
610110,6101,SUBAH
610115,6101,SEBAWI
610114,6101,SAJAD
610103,6101,JAWAI
610116,6101,JAWAI SELATAN
610102,6101,TELUK KERAMAT
610111,6101,GALING
610117,6101,TANGARAN
610106,6101,SEJANGKUNG
610109,6101,SAJINGAN BESAR
610108,6101,PALOH
610701,6107,SUNGAI RAYA
610711,6107,CAPKALA
610715,6107,SUNGAI RAYA KEPULAUAN
610702,6107,SAMALANTAN
610708,6107,MONTERADO
610716,6107,LEMBAH BAWANG
610704,6107,BENGKAYANG
610709,6107,TERIAK
610714,6107,SUNGAI BETUNG
610703,6107,LEDO
610710,6107,SUTI SEMARANG
610713,6107,LUMAR
610706,6107,SANGGAU LEDO
610717,6107,TUJUH BELAS
610705,6107,SELUAS
610707,6107,JAGOI BABANG
610712,6107,SIDING
610810,6108,SEBANGKI
610801,6108,NGABANG
610811,6108,JELIMPO
610807,6108,SENGAH TEMILA
610804,6108,MANDOR
610803,6108,MENJALIN
610802,6108,MEMPAWAH HULU
610813,6108,SOMPAK
610806,6108,MENYUKE
610812,6108,BANYUKE HULU
610808,6108,MERANTI
610809,6108,KUALA BEHE
610805,6108,AIR BESAR
610208,6102,SIANTAN
610215,6102,SEGEDONG
610207,6102,SUNGAI PINYUH
610216,6102,ANJONGAN
610201,6102,MEMPAWAH HILIR
610218,6102,MEMPAWAH TIMUR
610212,6102,SUNGAI KUNYIT
610206,6102,TOHO
610217,6102,SADANIANG
610313,6103,TOBA
610320,6103,MELIAU
610301,6103,KAPUAS
610302,6103,MUKOK
610304,6103,JANGKANG
610305,6103,BONTI
610309,6103,PARINDU
610311,6103,TAYAN HILIR
610312,6103,BALAI
610310,6103,TAYAN HULU
610308,6103,KEMBAYAN
610306,6103,BEDUAI
610303,6103,NOYAN
610307,6103,SEKAYAM
610321,6103,ENTIKONG
610404,6104,KENDAWANGAN
610403,6104,MANIS MATA
610402,6104,MARAU
610422,6104,SINGKUP
610421,6104,AIR UPAS
610414,6104,JELAI HULU
610413,6104,TUMBANG TITI
610424,6104,PEMAHAN
610425,6104,SUNGAI MELAYU RAYAK
610412,6104,MATAN HILIR SELATAN
610418,6104,BENUA KAYONG
610401,6104,MATAN HILIR UTARA
610416,6104,DELTA PAWAN
610417,6104,MUARA PAWAN
610411,6104,NANGA TAYAP
610405,6104,SANDAI
610419,6104,HULU SUNGAI
610407,6104,SUNGAI LAUR
610408,6104,SIMPANG HULU
610420,6104,SIMPANG DUA
610514,6105,SERAWAI
610515,6105,AMBALAU
610509,6105,KAYAN HULU
610503,6105,SEPAUK
610502,6105,TEMPUNAK
610520,6105,SUNGAI TEBELIAN
610501,6105,SINTANG
610507,6105,DEDAI
610508,6105,KAYAN HILIR
610519,6105,KELAM PERMAI
610521,6105,BINJAI HULU
610504,6105,KETUNGAU HILIR
610505,6105,KETUNGAU TENGAH
610506,6105,KETUNGAU HULU
610615,6106,SILAT HILIR
610616,6106,SILAT HULU
610608,6106,HULU GURUNG
610606,6106,BUNUT HULU
610620,6106,MENTEBAH
610602,6106,BIKA
610618,6106,KALIS
610617,6106,PUTUSSIBAU SELATAN
610603,6106,EMBALOH HILIR
610605,6106,BUNUT HILIR
610619,6106,BOYAN TANJUNG
610621,6106,PENGKADAN
610607,6106,JONGKONG
610609,6106,SELIMBAU
610622,6106,SUHAID
610611,6106,SEBERUANG
610610,6106,SEMITAU
610613,6106,EMPANANG
610623,6106,PURING KENCANA
610614,6106,BADAU
610612,6106,BATANG LUPAR
610604,6106,EMBALOH HULU
610601,6106,PUTUSSIBAU UTARA
610904,6109,NANGA MAHAP
610903,6109,NANGA TAMAN
610902,6109,SEKADAU HULU
610901,6109,SEKADAU HILIR
610905,6109,BELITANG HILIR
610907,6109,BELITANG
610906,6109,BELITANG HULU
611007,6110,SOKAN
611006,6110,TANAH PINOH
611011,6110,TANAH PINOH BARAT
611005,6110,SAYAN
611001,6110,BELIMBING
611010,6110,BELIMBING HULU
611002,6110,NANGA PINOH
611009,6110,PINOH SELATAN
611008,6110,PINOH UTARA
611003,6110,ELLA HILIR
611004,6110,MENUKUNG
611104,6111,PULAU MAYA
611106,6111,KEPULAUAN KARIMATA
611101,6111,SUKADANA
611102,6111,SIMPANG HILIR
611103,6111,TELUK BATANG
611105,6111,SEPONTI
611205,6112,BATU AMPAR
611204,6112,TERENTANG
611206,6112,KUBU
611208,6112,TELUK PAKEDAI
611209,6112,SUNGAI KAKAP
611207,6112,RASAU JAYA
611201,6112,SUNGAI RAYA
611203,6112,SUNGAI AMBAWANG
611202,6112,KUALA MANDOR B
617101,6171,PONTIANAK SELATAN
617106,6171,PONTIANAK TENGGARA
617102,6171,PONTIANAK TIMUR
617103,6171,PONTIANAK BARAT
617105,6171,PONTIANAK KOTA
617104,6171,PONTIANAK UTARA
617205,6172,SINGKAWANG SELATAN
617203,6172,SINGKAWANG TIMUR
617204,6172,SINGKAWANG UTARA
617202,6172,SINGKAWANG BARAT
617201,6172,SINGKAWANG TENGAH
620103,6201,KOTAWARINGIN LAMA
620102,6201,ARUT SELATAN
620101,6201,KUMAI
620106,6201,PANGKALAN BANTENG
620105,6201,PANGKALAN LADA
620104,6201,ARUT UTARA
620208,6202,MENTAYA HILIR SELATAN
620211,6202,TELUK SAMPIT
620209,6202,PULAU HANAUT
620206,6202,MENTAWA BARU
620212,6202,SERANAU
620207,6202,MENTAYA HILIR UTARA
620201,6202,KOTA BESI
620214,6202,TELAWANG
620205,6202,BAAMANG
620202,6202,CEMPAGA
620213,6202,CEMPAGA HULU
620204,6202,PARENGGEAN
620216,6202,TUALAN HULU
620203,6202,MENTAYA HULU
620215,6202,BUKIT SANTUAI
620210,6202,ANTANG KALANG
620217,6202,TELAGA ANTANG
620304,6203,KAPUAS KUALA
620313,6203,TAMBAN CATUR
620303,6203,KAPUAS TIMUR
620301,6203,SELAT
620317,6203,BATAGUH
620308,6203,BASARANG
620302,6203,KAPUAS HILIR
620306,6203,PULAU PETAK
620307,6203,KAPUAS MURUNG
620316,6203,DADAHUP
620305,6203,KAPUAS BARAT
620309,6203,MANTANGAI
620310,6203,TIMPAH
620311,6203,KAPUAS TENGAH
620314,6203,PASAK TALAWANG
620312,6203,KAPUAS HULU
620315,6203,MANDAU TALAWANG
620401,6204,JENAMAS
620402,6204,DUSUN HILIR
620403,6204,KARAU KUALA
620406,6204,DUSUN SELATAN
620404,6204,DUSUN UTARA
620405,6204,GN. BINTANG AWAI
620501,6205,MONTALLAT
620502,6205,GUNUNG TIMANG
620503,6205,GUNUNG PUREI
620504,6205,TEWEH TIMUR
620505,6205,TEWEH TENGAH
620507,6205,TEWEH BARU
620508,6205,TEWEH SELATAN
620506,6205,LAHEI
620509,6205,LAHEI BARAT
620802,6208,JELAI
620804,6208,PANTAI LUNCI
620801,6208,SUKAMARA
620803,6208,BALAI RIAM
620805,6208,PERMATA KECUBUNG
620903,6209,BULIK
620906,6209,SEMATU JAYA
620905,6209,MENTHOBI RAYA
620904,6209,BULIK TIMUR
620901,6209,LAMANDAU
620907,6209,BELANTIKAN RAYA
620902,6209,DELANG
620908,6209,BATANG KAWA
620701,6207,SERUYAN HILIR
620706,6207,SERUYAN HILIR TIMUR
620703,6207,DANAU SEMBULUH
620707,6207,SERUYAN RAYA
620704,6207,HANAU
620708,6207,DANAU SELULUK
620702,6207,SERUYAN TENGAH
620709,6207,BATU AMPAR
620705,6207,SERUYAN HULU
620710,6207,SULING TAMBUN
620610,6206,KATINGAN KUALA
620609,6206,MENDAWAI
620601,6206,KAMIPANG
620611,6206,TASIK PAYAWAN
620602,6206,KATINGAN HILIR
620603,6206,TEWANG SANGALANG
620604,6206,PULAU MALAN
620605,6206,KATINGAN TENGAH
620606,6206,SANAMAN MANTIKEI
620612,6206,PETAK MALAI
620607,6206,MARIKIT
620608,6206,KATINGAN HULU
620613,6206,BUKIT RAYA
621102,6211,KAHAYAN KUALA
621108,6211,SEBANGAU KUALA
621101,6211,PANDIH BATU
621106,6211,MALIKU
621105,6211,KAHAYAN HILIR
621107,6211,JABIREN
621103,6211,KAHAYAN TENGAH
621104,6211,BANAMA TINGANG
621006,6210,MANUHING
621011,6210,MANUHING RAYA
621005,6210,RUNGAN
621010,6210,RUNGAN HULU
621012,6210,RUNGAN BARAT
621001,6210,SEPANG
621007,6210,MIHING RAYA
621002,6210,KURUN
621003,6210,TEWAH
621004,6210,KAHAYAN HULU UTARA
621008,6210,DAMANG BATU
621009,6210,MIRI MANASA
621302,6213,BANUA LIMA
621301,6213,DUSUN TIMUR
621307,6213,PAJU EPAT
621304,6213,AWANG
621303,6213,PATANGKEP TUTUI
621305,6213,DUSUN TENGAH
621308,6213,RAREN BATUAH
621309,6213,PAKU
621310,6213,KARUSEN JANANG
621306,6213,PEMATANG KARAU
621204,6212,PERMATA INTAN
621208,6212,SUNGAI BABUAT
621201,6212,MURUNG
621203,6212,LAUNG TUHUP
621206,6212,BARITO TUHUP RAYA
621202,6212,TANAH SIANG
621207,6212,TANAH SIANG SELATAN
621205,6212,SUMBER BARITO
621209,6212,SERIBU RIAM
621210,6212,UUT MURUNG
627101,6271,PAHANDUT
627104,6271,SABANGAU
627103,6271,JEKAN RAYA
627102,6271,BUKIT BATU
627105,6271,RAKUMPIT
630106,6301,PANYIPATAN
630101,6301,TAKISUNG
630104,6301,KURAU
630111,6301,BUMI MAKMUR
630105,6301,BATI BATI
630108,6301,TAMBANG ULANG
630103,6301,PELAIHARI
630110,6301,BAJUIN
630109,6301,BATU AMPAR
630102,6301,JORONG
630107,6301,KINTAP
630201,6302,PULAU SEMBILAN
630202,6302,PULAU LAUT BARAT
630221,6302,PULAU LAUT TANJUNG
630203,6302,PULAU LAUT SELATAN
630220,6302,PULAU LAUT KEPULAUAN
630204,6302,PULAU LAUT TIMUR
630205,6302,PULAU SEBUKU
630206,6302,PULAU LAUT UTARA
630216,6302,PULAU LAUT TENGAH
630207,6302,KELUMPANG SELATAN
630217,6302,KELUMPANG HILIR
630208,6302,KELUMPANG HULU
630214,6302,HAMPANG
630215,6302,SUNGAI DURIAN
630209,6302,KELUMPANG TENGAH
630218,6302,KELUMPANG BARAT
630210,6302,KELUMPANG UTARA
630211,6302,PAMUKAN SELATAN
630212,6302,SAMPANAHAN
630213,6302,PAMUKAN UTARA
630219,6302,PAMUKAN BARAT
630301,6303,ALUH ALUH
630313,6303,BERUNTUNG BARU
630303,6303,GAMBUT
630302,6303,KERTAK HANYAR
630319,6303,TATAH MAKMUR
630304,6303,SUNGAI TABUK
630305,6303,MARTAPURA
630315,6303,MARTAPURA TIMUR
630314,6303,MARTAPURA BARAT
630307,6303,ASTAMBUL
630306,6303,KARANG INTAN
630311,6303,ARANIO
630310,6303,SUNGAI PINANG
630317,6303,PARAMASAN
630309,6303,PENGAROM
630316,6303,SAMBUNG MAKMUR
630312,6303,MATARAMAN
630308,6303,SIMPANG EMPAT
630318,6303,TELAGA BAUNTUNG
630320,6303,CINTAPURI DARUSSALAM
630401,6304,TABUNGANEN
630402,6304,TAMBAN
630413,6304,MEKARSARI
630403,6304,ANJIR PASAR
630404,6304,ANJIR MUARA
630405,6304,ALALAK
630406,6304,MANDASTANA
630417,6304,JEJANGKIT
630408,6304,BELAWANG
630416,6304,WANARAYA
630414,6304,BARAMBAI
630407,6304,RANTAU BADAUH
630409,6304,CERBON
630410,6304,BAKUMPAI
630415,6304,MARABAHAN
630412,6304,TABUKAN
630411,6304,KURIPAN
630501,6305,BINUANG
630512,6305,HATUNGUN
630502,6305,TAPIN SELATAN
630511,6305,SALAM BABARIS
630503,6305,TAPIN TENGAH
630509,6305,BUNGUR
630508,6305,PIANI
630510,6305,LOKPAIKAT
630504,6305,TAPIN UTARA
630507,6305,BAKARANGAN
630505,6305,CANDI LARAS SELATAN
630506,6305,CANDI LARAS UTARA
630602,6306,PADANG BATUNG
630610,6306,LOKSADO
630603,6306,TELAGA LANGSAT
630604,6306,ANGKINANG
630605,6306,KANDANGAN
630601,6306,SUNGAI RAYA
630606,6306,SIMPUR
630609,6306,KALUMPANG
630607,6306,DAHA SELATAN
630611,6306,DAHA BARAT
630608,6306,DAHA UTARA
630701,6307,HARUYAN
630702,6307,BATU BENAWA
630709,6307,HANTAKAN
630707,6307,BATANG ALAI SELATAN
630710,6307,BATANG ALAI TIMUR
630706,6307,BARABAI
630703,6307,LABUAN AMAS SELATAN
630704,6307,LABUAN AMAS UTARA
630705,6307,PANDAWAN
630708,6307,BATANG ALAI UTARA
630711,6307,LIMPASU
630801,6308,DANAU PANGGANG
630809,6308,PAMINGGIR
630802,6308,BABIRIK
630803,6308,SUNGAI PANDAN
630810,6308,SUNGAI TABUKAN
630804,6308,AMUNTAI SELATAN
630805,6308,AMUNTAI TENGAH
630807,6308,BANJANG
630806,6308,AMUNTAI UTARA
630808,6308,HAUR GADING
630901,6309,BANUA LAWAS
630909,6309,PUGAAN
630902,6309,KELUA
630908,6309,MUARA HARUS
630903,6309,TANTA
630904,6309,TANJUNG
630906,6309,MURUNG PUDAK
630905,6309,HARUAI
630912,6309,BINTANG ARA
630910,6309,UPAU
630907,6309,MUARA UYA
630911,6309,JARO
631002,6310,KUSAN HILIR
631003,6310,SUNGAI LOBAN
631004,6310,SATUI
631009,6310,ANGSANA
631005,6310,KUSAN HULU
631010,6310,KURANJI
631001,6310,BATU LICIN
631007,6310,KARANG BINTANG
631006,6310,SIMPANG EMPAT
631008,6310,MANTEWE
631105,6311,LAMPIHONG
631104,6311,BATU MANDI
631103,6311,AWAYAN
631108,6311,TEBING TINGGI
631106,6311,PARINGIN
631107,6311,PARINGIN SELATAN
631101,6311,JUAI
631102,6311,HALONG
637101,6371,BANJARMASIN SELATAN
637102,6371,BANJARMASIN TIMUR
637103,6371,BANJARMASIN BARAT
637105,6371,BANJARMASIN TENGAH
637104,6371,BANJARMASIN UTARA
637202,6372,LANDASAN ULIN
637206,6372,LIANG ANGGANG
637203,6372,CEMPAKA
637204,6372,BANJARBARU UTARA
637205,6372,BANJARBARU SELATAN
640101,6401,BATU SOPANG
640110,6401,MUARA SAMU
640109,6401,BATU ENGAU
640102,6401,TANJUNG HARAPAN
640103,6401,PASER BELENGKONG
640104,6401,TANAH GROGOT
640105,6401,KUARO
640106,6401,LONG IKIS
640107,6401,MUARA KOMAM
640108,6401,LONG KALI
640712,6407,BONGAN
640711,6407,JEMPANG
640713,6407,PENYINGGAHAN
640710,6407,MUARA PAHU
640717,6407,SILUQ NGURAI
640709,6407,MUARA LAWA
640714,6407,BENTIAN BESAR
640708,6407,DAMAI
640716,6407,NYUATAN
640707,6407,BARONG TONGKOK
640715,6407,LINGGANG BIGUNG
640706,6407,MELAK
640720,6407,SEKOLAQ DARAT
640718,6407,MOOK MANAAR BULATN
640705,6407,LONG IRAM
640719,6407,TERING
640213,6402,SAMBOJA
640214,6402,MUARA JAWA
640215,6402,SANGA SANGA
640203,6402,LOA JANAN
640202,6402,LOA KULU
640201,6402,MUARA MUNTAI
640218,6402,MUARA WIS
640208,6402,KOTA BANGUN
640206,6402,TENGGARONG
640207,6402,SEBULU
640216,6402,TENGGARONG SEBERANG
640204,6402,ANGGANA
640205,6402,MUARA BADAK
640217,6402,MARANG KAYU
640211,6402,MUARA KAMAN
640209,6402,KENOHAN
640210,6402,KEMBANG JANGGUT
640212,6402,TABANG
640801,6408,MUARA ANCALONG
640806,6408,BUSANG
640818,6408,LONG MESANGAT
640802,6408,MUARA WAHAU
640807,6408,TELEN
640808,6408,KOMBENG
640803,6408,MUARA BENGKAL
640817,6408,BATU AMPAR
640804,6408,SANGATTA UTARA
640809,6408,BENGALON
640813,6408,TELUK PANDAN
640812,6408,SANGATTA SELATAN
640814,6408,RANTAU PULUNG
640805,6408,SANGKULIRANG
640810,6408,KALIORANG
640811,6408,SANDARAN
640815,6408,KAUBUN
640816,6408,KARANGAN
640301,6403,KELAY
640302,6403,TALISAYAN
640310,6403,TABALAR
640308,6403,BIDUK-BIDUK
640307,6403,PULAU DERAWAN
640311,6403,MARATUA
640303,6403,SAMBALIUNG
640305,6403,TANJUNG REDEB
640306,6403,GUNUNG TABUR
640304,6403,SEGAH
640309,6403,TELUK BAYUR
640312,6403,BATU PUTIH
640313,6403,BIATAN
640903,6409,BABULU
640902,6409,WARU
640901,6409,PENAJAM
640904,6409,SEPAKU
641103,6411,LAHAM
641102,6411,LONG HUBUNG
641101,6411,LONG BAGUN
641105,6411,LONG PAHANGAI
641104,6411,LONG APARI
647105,6471,BALIKPAPAN SELATAN
647106,6471,BALIKPAPAN KOTA
647101,6471,BALIKPAPAN TIMUR
647103,6471,BALIKPAPAN UTARA
647104,6471,BALIKPAPAN TENGAH
647102,6471,BALIKPAPAN BARAT
647201,6472,PALARAN
647204,6472,SAMARINDA ILIR
647209,6472,SAMARINDA KOTA
647207,6472,SAMBUTAN
647202,6472,SAMARINDA SEBERANG
647210,6472,LOA JANAN ILIR
647206,6472,SUNGAI KUNJANG
647203,6472,SAMARINDA ULU
647205,6472,SAMARINDA UTARA
647208,6472,SUNGAI PINANG
647402,6474,BONTANG SELATAN
647401,6474,BONTANG UTARA
647403,6474,BONTANG BARAT
650209,6502,SUNGAI BOH
650210,6502,KAYAN SELATAN
650205,6502,KAYAN HULU
650204,6502,KAYAN HILIR
650203,6502,PUJUNGAN
650211,6502,BAHAU HULU
650215,6502,SUNGAI TUBU
650214,6502,MALINAU SELATAN HULU
650206,6502,MALINAU SELATAN
650213,6502,MALINAU SELATAN HILIR
650201,6502,MENTARANG
650212,6502,MENTARANG HULU
650207,6502,MALINAU UTARA
650208,6502,MALINAU BARAT
650202,6502,MALINAU KOTA
650107,6501,PESO
650108,6501,PESO HILIR
650102,6501,TANJUNG PALAS BARAT
650101,6501,TANJUNG PALAS
650105,6501,TANJUNG SELOR
650104,6501,TANJUNG PALAS TIMUR
650106,6501,TANJUNG PALAS TENGAH
650103,6501,TANJUNG PALAS UTARA
650109,6501,SEKATAK
650110,6501,BUNYU
650405,6504,MURUK RIAN
650401,6504,SESAYAP
650404,6504,BETAYAU
650402,6504,SESAYAP HILIR
650403,6504,TANA LIA
650307,6503,KRAYAN SELATAN
650317,6503,KRAYAN TENGAH
650305,6503,KRAYAN
650318,6503,KRAYAN TIMUR
650319,6503,KRAYAN BARAT
650315,6503,LUMBIS OGONG
650304,6503,LUMBIS
650316,6503,SEMBAKUNG ATULAI
650303,6503,SEMBAKUNG
650306,6503,SEBUKU
650314,6503,TULIN ONSOI
650313,6503,SEI MENGGARIS
650302,6503,NUNUKAN
650309,6503,NUNUKAN SELATAN
650308,6503,SEBATIK BARAT
650301,6503,SEBATIK
650310,6503,SEBATIK TIMUR
650312,6503,SEBATIK TENGAH
650311,6503,SEBATIK UTARA
657103,6571,TARAKAN TIMUR
657102,6571,TARAKAN TENGAH
657101,6571,TARAKAN BARAT
657104,6571,TARAKAN UTARA
710109,7101,DUMOGA BARAT
710111,7101,DUMOGA UTARA
710110,7101,DUMOGA TIMUR
710135,7101,DUMOGA TENGAH
710134,7101,DUMOGA TENGGARA
710133,7101,DUMOGA
710114,7101,LOLAYAN
710119,7101,PASSI BARAT
710122,7101,PASSI TIMUR
710132,7101,BILALANG
710120,7101,POIGAR
710113,7101,BOLAANG
710131,7101,BOLAANG TIMUR
710112,7101,LOLAK
710105,7101,SANG TOMBOLANG
710209,7102,LANGOWAN TIMUR
710210,7102,LANGOWAN BARAT
710217,7102,LANGOWAN SELATAN
710219,7102,LANGOWAN UTARA
710207,7102,TOMPASO
710225,7102,TOMPASO BARAT
710212,7102,KAWANGKOAN
710222,7102,KAWANGKOAN BARAT
710221,7102,KAWANGKOAN UTARA
710211,7102,SONDER
710215,7102,TOMBARIRI
710224,7102,TOMBARIRI TIMUR
710213,7102,PINELENG
710214,7102,TOMBULU
710223,7102,MANDOLANG
710201,7102,TONDANO BARAT
710218,7102,TONDANO SELATAN
710208,7102,REMBOKEN
710206,7102,KAKAS
710220,7102,KAKAS BARAT
710205,7102,LEMBEAN TIMUR
710203,7102,ERIS
710204,7102,KOMBI
710202,7102,TONDANO TIMUR
710216,7102,TONDANO UTARA
710310,7103,MANGANITU SELATAN
710311,7103,TATOARENG
710312,7103,TAMAKO
710315,7103,TABUKAN SELATAN
710319,7103,TABUKAN SELATAN TENGAH
710320,7103,TABUKAN SELATAN TENGGARA
710314,7103,TABUKAN TENGAH
710313,7103,MANGANITU
710317,7103,TAHUNA
710324,7103,TAHUNA TIMUR
710323,7103,TAHUNA BARAT
710308,7103,TABUKAN UTARA
710309,7103,NUSA TABUKAN
710325,7103,KEPULAUAN MARORE
710316,7103,KENDAHE
710406,7104,KABARUAN
710409,7104,DAMAU
710401,7104,LIRUNG
710411,7104,SALIBABU
710412,7104,KALONGAN
710417,7104,MORONGE
710407,7104,MELONGUANE
710416,7104,MELONGUANE TIMUR
710402,7104,BEO
710414,7104,BEO UTARA
710418,7104,BEO SELATAN
710403,7104,RAINIS
710410,7104,TAMPAN' AMMA
710415,7104,PULUTAN
710404,7104,ESSANG
710419,7104,ESSANG SELATAN
710408,7104,GEMEH
710405,7104,NANUSA
710413,7104,MIANGAS
710501,7105,MODOINDING
710502,7105,TOMPASO BARU
710516,7105,MAESAAN
710503,7105,RANOYAPO
710507,7105,MOTOLING
710515,7105,KUMELEMBUAI
710521,7105,MOTOLING BARAT
710522,7105,MOTOLING TIMUR
710508,7105,SINONSAYANG
710509,7105,TENGA
710510,7105,AMURANG
710517,7105,AMURANG BARAT
710518,7105,AMURANG TIMUR
710513,7105,TARERAN
710523,7105,SULUUN TARERAN
710512,7105,TUMPAAN
710519,7105,TATAPAAN
710601,7106,KEMA
710602,7106,KAUDITAN
710603,7106,AIRMADIDI
710608,7106,KALAWAT
710605,7106,DIMEMBE
710609,7106,TALAWAAN
710604,7106,WORI
710606,7106,LIKUPANG BARAT
710607,7106,LIKUPANG TIMUR
710610,7106,LIKUPANG SELATAN
710801,7108,SANGKUB
710802,7108,BINTAUNA
710803,7108,BOLANGITANG TIMUR
710804,7108,BOLANGITANG BARAT
710805,7108,KAIDIPANG
710806,7108,PINOGALUMAN
710907,7109,BIARO
710910,7109,TAGULANDANG SELATAN
710903,7109,TAGULANDANG
710906,7109,TAGULANDANG UTARA
710905,7109,SIAU BARAT SELATAN
710904,7109,SIAU TIMUR SELATAN
710902,7109,SIAU BARAT
710909,7109,SIAU TENGAH
710901,7109,SIAU TIMUR
710908,7109,SIAU BARAT UTARA
710704,7107,RATATOTOK
710702,7107,PUSOMAEN
710703,7107,BELANG
710701,7107,RATAHAN
710711,7107,PASAN
710712,7107,RATAHAN TIMUR
710705,7107,TOMBATU
710709,7107,TOMBATU TIMUR
710710,7107,TOMBATU UTARA
710706,7107,TOULUAAN
710707,7107,TOULUAAN SELATAN
710708,7107,SILIAN RAYA
711102,7111,POSIGADAN
711107,7111,TOMINI
711101,7111,BOLAANG UKI
711106,7111,HELUMO
711103,7111,PINOLOSIAN
711104,7111,PINOLOSIAN TENGAH
711105,7111,PINOLOSIAN TIMUR
711003,7110,NUANGAN
711006,7110,MOTONGKAD
711001,7110,TUTUYAN
711002,7110,KOTABUNAN
711004,7110,MODAYAG
711007,7110,MOOAT
711005,7110,MODAYAG BARAT
717109,7171,MALALAYANG
717106,7171,SARIO
717107,7171,WANEA
717104,7171,WENANG
717105,7171,TIKALA
717111,7171,PAAL DUA
717108,7171,MAPANGET
717103,7171,SINGKIL
717102,7171,TUMINITING
717101,7171,BUNAKEN
717110,7171,BUNAKEN KEPULAUAN
717202,7172,MADIDIR
717205,7172,MATUARI
717206,7172,GIRIAN
717201,7172,LEMBEH SELATAN
717208,7172,LEMBEH UTARA
717204,7172,AERTEMBAGA
717207,7172,MAESA
717203,7172,RANOWULU
717301,7173,TOMOHON SELATAN
717302,7173,TOMOHON TENGAH
717305,7173,TOMOHON TIMUR
717304,7173,TOMOHON BARAT
717303,7173,TOMOHON UTARA
717403,7174,KOTAMOBAGU SELATAN
717402,7174,KOTAMOBAGU TIMUR
717404,7174,KOTAMOBAGU BARAT
717401,7174,KOTAMOBAGU UTARA
720703,7207,TOTIKUM
720715,7207,TOTIKUM SELATAN
720704,7207,TINANGKUNG
720711,7207,TINANGKUNG SELATAN
720719,7207,TINANGKUNG UTARA
720705,7207,LIANG
720716,7207,PELING TENGAH
720706,7207,BULAGI
720709,7207,BULAGI SELATAN
720717,7207,BULAGI UTARA
720707,7207,BUKO
720718,7207,BUKO SELATAN
720109,7201,TOILI
720112,7201,TOILI BARAT
720114,7201,MOILONG
720101,7201,BATUI
720115,7201,BATUI SELATAN
720102,7201,BUNTA
720113,7201,NUHON
720117,7201,SIMPANG RAYA
720103,7201,KINTOM
720104,7201,LUWUK
720111,7201,LUWUK TIMUR
720121,7201,LUWUK UTARA
720120,7201,LUWUK SELATAN
720123,7201,NAMBO
720107,7201,PAGIMANA
720108,7201,BUALEMO
720116,7201,LOBU
720105,7201,LAMALA
720110,7201,MASAMA
720122,7201,MANTOH
720106,7201,BALANTAK
720118,7201,BALANTAK SELATAN
720119,7201,BALANTAK UTARA
720607,7206,MENUI KEPULAUAN
720606,7206,BUNGKU SELATAN
720610,7206,BAHODOPI
720615,7206,BUNGKU PESISIR
720605,7206,BUNGKU TENGAH
720618,7206,BUNGKU TIMUR
720608,7206,BUNGKU BARAT
720609,7206,BUMI RAYA
720612,7206,WITA PONDA
720206,7202,PAMONA SELATAN
720220,7202,PAMONA BARAT
720226,7202,PAMONA TENGGARA
720209,7202,LORE SELATAN
720223,7202,LORE BARAT
720204,7202,PAMONA PUSELEMBA
720205,7202,PAMONA TIMUR
720227,7202,PAMONA UTARA
720207,7202,LORE UTARA
720208,7202,LORE TENGAH
720224,7202,LORE TIMUR
720225,7202,LORE PIORE
720202,7202,POSO PESISIR
720219,7202,POSO PESISIR SELATAN
720218,7202,POSO PESISIR UTARA
720203,7202,LAGE
720201,7202,POSO KOTA
720222,7202,POSO KOTA UTARA
720221,7202,POSO KOTA SELATAN
720304,7203,RIO PAKAVA
720321,7203,PINEMBANI
720308,7203,BANAWA
720318,7203,BANAWA SELATAN
720327,7203,BANAWA TENGAH
720309,7203,LABUAN
720319,7203,TANANTOVEA
720310,7203,SINDUE
720324,7203,SINDUE TOMBUSABORA
720325,7203,SINDUE TOBATA
720311,7203,SIRENJA
720312,7203,BALAESANG
720331,7203,BALAESANG TANJUNG
720306,7203,DAMPELAS
720314,7203,SOJOL
720330,7203,SOJOL UTARA
720401,7204,DAMPAL SELATAN
720402,7204,DAMPAL UTARA
720403,7204,DONDO
720405,7204,OGODEIDE
720404,7204,BASIDONDO
720407,7204,BAOLAN
720406,7204,LAMPASIO
720408,7204,GALANG
720409,7204,TOLI-TOLI UTARA
720410,7204,DAKO PEMEAN
720502,7205,LAKEA
720506,7205,BIAU
720510,7205,KARAMAT
720501,7205,MOMUNU
720507,7205,TILOAN
720503,7205,BOKAT
720508,7205,BUKAL
720504,7205,BUNOBOGU
720509,7205,GADUNG
720505,7205,PALELEH
720511,7205,PALELEH BARAT
720806,7208,SAUSU
720809,7208,TORUE
720815,7208,BALINGGI
720801,7208,PARIGI
720811,7208,PARIGI SELATAN
720816,7208,PARIGI BARAT
720819,7208,PARIGI UTARA
720820,7208,PARIGI TENGAH
720802,7208,AMPIBABO
720808,7208,KASIMBAR
720813,7208,TORIBULU
720817,7208,SINIU
720803,7208,TINOMBO
720810,7208,TINOMBO SELATAN
720823,7208,SIDOAN
720805,7208,TOMINI
720812,7208,MEPANGA
720818,7208,PALASA
720804,7208,MOUTONG
720807,7208,BOLANO LAMBUNU
720814,7208,TAOPA
720821,7208,BOLANO
720822,7208,ONGKA MALINO
720907,7209,TOJO BARAT
720908,7209,TOJO
720906,7209,ULUBONGKA
720904,7209,AMPANA TETE
720905,7209,AMPANA KOTA
720910,7209,RATOLINDO
720901,7209,UNA UNA
720911,7209,BATUDAKA
720902,7209,TOGEAN
720903,7209,WALEA KEPULAUAN
720909,7209,WALEA BESAR
720912,7209,TALATAKO
721007,7210,PIPIKORO
721006,7210,KULAWI SELATAN
721005,7210,KULAWI
721004,7210,LINDU
721003,7210,NOKILALAKI
721002,7210,PALOLO
721008,7210,GUMBASA
721009,7210,DOLO SELATAN
721011,7210,DOLO BARAT
721010,7210,TANAMBULAVA
721012,7210,DOLO
721001,7210,SIGI BIROMARU
721014,7210,MARAWOLA
721015,7210,MARAWOLA BARAT
721013,7210,KINOVARO
721104,7211,BANGKURUNG
721105,7211,LABOBO
721102,7211,BANGGAI UTARA
721101,7211,BANGGAI
721107,7211,BANGGAI TENGAH
721106,7211,BANGGAI SELATAN
721103,7211,BOKAN KEPULAUAN
721205,7212,MORI ATAS
721204,7212,LEMBO
721203,7212,LEMBO RAYA
721202,7212,PETASIA TIMUR
721201,7212,PETASIA
721210,7212,PETASIA BARAT
721206,7212,MORI UTARA
721207,7212,SOYO JAYA
721208,7212,BUNGKU UTARA
721209,7212,MAMOSALATO
727102,7271,PALU BARAT
727106,7271,TATANGA
727105,7271,ULUJADI
727103,7271,PALU SELATAN
727101,7271,PALU TIMUR
727108,7271,MANTIKULORE
727104,7271,PALU UTARA
727107,7271,TAWAELI
730107,7301,PASIMARANNU
730109,7301,PASILAMBENA
730106,7301,PASIMASUNGGU
730108,7301,TAKA BONERATE
730110,7301,PASIMASUNGGU TIMUR
730105,7301,BONTOSIKUYU
730102,7301,BONTOHARU
730101,7301,BENTENG
730104,7301,BONTOMANAI
730103,7301,BONTOMATENE
730111,7301,BUKI
730201,7302,GANTORANG
730202,7302,UJUNG BULU
730209,7302,UJUNGLOE
730203,7302,BONTO BAHARI
730204,7302,BONTO TIRO
730205,7302,HERLANG
730206,7302,KAJANG
730207,7302,BULUKUMPA
730210,7302,RILAUALE
730208,7302,KINDANG
730301,7303,BISSAPPU
730306,7303,ULUERE
730308,7303,SINOA
730302,7303,BANTAENG
730303,7303,EREMERASA
730304,7303,TOMPO BULU
730305,7303,PAJUKUKANG
730307,7303,GANTARANG KEKE
730401,7304,BANGKALA
730406,7304,BANGKALA BARAT
730402,7304,TAMALATEA
730407,7304,BONTORAMBA
730403,7304,BINAMU
730408,7304,TURATEA
730404,7304,BATANG
730409,7304,ARUNGKEKE
730411,7304,TAROWANG
730405,7304,KELARA
730410,7304,RUMBIA
730502,7305,MANGARABOMBANG
730501,7305,MAPPAKASUNGGU
730508,7305,SANROBONE
730510,7305,KEPULAUAN TANAKEKE
730503,7305,POLOMBANGKENG
730507,7305,PATTALLASSANG
730504,7305,POLOMBANGKENG UTARA
730505,7305,GALESONG SELATAN
730509,7305,GALESONG
730506,7305,GALESONG UTARA
730601,7306,BONTONOMPO
730616,7306,BONTONOMPO SELATAN
730602,7306,BAJENG
730618,7306,BAJENG BARAT
730607,7306,PALANGGA
730612,7306,BAROMBONG
730608,7306,SOMBA UPU
730606,7306,BONTOMARANNU
730613,7306,PATTALASANG
730605,7306,PARANGLOE
730614,7306,MANUJU
730604,7306,TINGGIMONCONG
730610,7306,TOMBOLOPAO
730617,7306,PARIGI
730609,7306,BUNGAYA
730615,7306,BONTOLEMPANGANG
730603,7306,TOMPOBULLU
730611,7306,BIRINGBULU
730701,7307,SINJAI BARAT
730707,7307,SINJAI BORONG
730702,7307,SINJAI  SELATAN
730708,7307,TELLU LIMPOE
730703,7307,SINJAI TIMUR
730704,7307,SINJAI TENGAH
730705,7307,SINJAI UTARA
730706,7307,BULUPODDO
730709,7307,PULAU SEMBILAN
730901,7309,MANDAI
730913,7309,MONCONG LOE
730904,7309,MAROS BARU
730908,7309,MARUSU
730914,7309,TURIKALE
730912,7309,LAU
730905,7309,BONTOA
730903,7309,BANTIMURUNG
730909,7309,SIMBANG
730907,7309,TANRALILI
730911,7309,TOMPOBULU
730902,7309,CAMBA
730910,7309,CENRANA
730906,7309,MALLLAWA
731001,7310,LIUKANG TANGAYA
731002,7310,LIUKANG KALMAS
731003,7310,LIUKANG TUPABBIRING
731013,7310,LIUKANG TUPABBIRING UTARA
731004,7310,PANGKAJENE
731010,7310,MINASA TENE
731005,7310,BALOCCI
731012,7310,TONDONG TALLASA
731006,7310,BUNGORO
731007,7310,LABAKKANG
731008,7310,MARANG
731009,7310,SEGERI
731011,7310,MANDALLE
731101,7311,TANETE RIAJA
731106,7311,PUJANANTING
731102,7311,TANETE RILAU
731103,7311,BARRU
731104,7311,SOPPENG RIAJA
731107,7311,BALUSU
731105,7311,MALLUSETASI
730801,7308,BONTOCANI
730802,7308,KAHU
730803,7308,KAJUARA
730804,7308,SALOMEKKO
730805,7308,TONRA
730827,7308,PATIMPENG
730806,7308,LIBURENG
730807,7308,MARE
730808,7308,SIBULUE
730810,7308,CINA
730809,7308,BAREBBO
730811,7308,PONRE
730812,7308,LAPPARIAJA
730813,7308,LAMURU
730825,7308,TELLULIMPOE
730826,7308,BENGO
730814,7308,ULAWENG
730815,7308,PALAKKA
730816,7308,AWANGPONE
730817,7308,TELLU SIATTINGE
730824,7308,AMALI
730818,7308,AJANGALE
730819,7308,DUA BOCCOE
730820,7308,CENRANA
730822,7308,TANETE RIATTANG BARAT
730821,7308,TANETE RIATTANG
730823,7308,TANETE RIATTANG TIMUR
731201,7312,MARIORIWAWO
731204,7312,LALABATA
731202,7312,LILIRAJA
731207,7312,GANRA
731208,7312,CITTA
731203,7312,LILIRILAU
731206,7312,DONRI DONRI
731205,7312,MARIORIAWA
731301,7313,SABANGPARU
731306,7313,TEMPE
731302,7313,PAMMANA
731311,7313,BOLA
731303,7313,TAKKALALLA
731304,7313,SAJOANGING
731312,7313,PENRANG
731305,7313,MAJAULENG
731308,7313,TANASITOLO
731307,7313,BELAWA
731309,7313,MANIANGPAJO
731313,7313,GILIRENG
731314,7313,KEERA
731310,7313,PITUMPANUA
731401,7314,PANCA LAUTAN
731402,7314,TELLU LIMPOE
731403,7314,WATANG PULU
731404,7314,BARANTI
731405,7314,PANCA RIJANG
731406,7314,KULO
731407,7314,MARITENGNGAE
731408,7314,WT. SIDENRENG
731410,7314,PITU RIAWA
731409,7314,DUA PITUE
731411,7314,PITU RAISE
731502,7315,SUPPA
731501,7315,MATIRRO SOMPE
731510,7315,LANSIRANG
731503,7315,MATTIRO BULU
731504,7315,WATANG SAWITO
731511,7315,PALETEANG
731509,7315,TIROANG
731505,7315,PATAMPANUA
731508,7315,CEMPA
731506,7315,DUAMPANUA
731512,7315,BATU LAPPA
731507,7315,LEMBANG
731601,7316,MAIWA
731606,7316,BUNGIN
731602,7316,ENREKANG
731607,7316,CENDANA
731603,7316,BARAKA
731610,7316,BUNTU BATU
731604,7316,ANGGERAJA
731609,7316,MALUA
731605,7316,ALLA
731608,7316,CURIO
731611,7316,MASALLE
731612,7316,BAROKO
731702,7317,LAROMPONG
731710,7317,LAROMPONG SELATAN
731703,7317,SULI
731719,7317,SULI BARAT
731707,7317,BELOPA
731713,7317,KAMANRE
731714,7317,BELOPA UTARA
731704,7317,BAJO
731720,7317,BAJO BARAT
731701,7317,BASSE SANGTEMPE
731712,7317,LATIMOJONG
731722,7317,BASSE SANGTEMPE UTARA
731705,7317,BUA PONRANG
731711,7317,PONRANG
731721,7317,PONRANG SELATAN
731708,7317,BUA
731706,7317,WALENRANG
731717,7317,WALENRANG TIMUR
731709,7317,LAMASI
731716,7317,WALENRANG UTARA
731715,7317,WALENRANG BARAT
731718,7317,LAMASI TIMUR
731803,7318,BONGGAKARADENG
731809,7318,SIMBUANG
731837,7318,RANO
731828,7318,MAPPAK
731812,7318,MENGKENDEK
731819,7318,GANDANGBATU SILLANAN
731813,7318,SANGALLA
731833,7318,SANGALLA SELATAN
731834,7318,SANGALLA UTARA
731805,7318,MAKALE
731829,7318,MAKALE SELATAN
731827,7318,MAKALE UTARA
731801,7318,SALUPUTI
731802,7318,BITTUANG
731820,7318,REMBON
731831,7318,MASANDA
731835,7318,MALIMBONG BALEPE
731811,7318,RANTETAYO
731838,7318,KURRA
732204,7322,SABBANG
732215,7322,SABBANG SELATAN
732211,7322,BAEBUNTA
732214,7322,BAEBUNTA SELATAN
732201,7322,MALANGKE
732208,7322,MALANGKE BARAT
732206,7322,SUKAMAJU
732213,7322,SUKAMAJU SELATAN
732202,7322,BONE BONE
732212,7322,TANA LILI
732203,7322,MASAMBA
732210,7322,MAPPEDECENG
732209,7322,RAMPI
732205,7322,LIMBONG
732207,7322,SEKO
732407,7324,BURAU
732406,7324,WOTU
732408,7324,TOMONI
732409,7324,TOMONI TIMUR
732405,7324,ANGKONA
732404,7324,MALILI
732403,7324,TOWUTI
732402,7324,NUHA
732411,7324,WASUPONDA
732401,7324,MANGKUTANA
732410,7324,KALAENA
732608,7326,SOPAI
732615,7326,KESU
732607,7326,SANGGALANGI
732605,7326,BUNTAO
732618,7326,RANTEBUA
732603,7326,NANGGALA
732616,7326,TONDON
732611,7326,TALLUNGLIPU
732601,7326,RANTEPAO
732609,7326,TIKALA
732602,7326,SESEAN
732610,7326,BALUSU
732606,7326,SA'DAN
732617,7326,BANGKELEKILA
732619,7326,SESEAN SULOARA
732620,7326,KAPALA PITU
732612,7326,DENDE' PIONGAN NAPO
732621,7326,AWAN RANTE KARUA
732604,7326,RINDINGALLO
732613,7326,BUNTU PEPASAN
732614,7326,BARUPPU
737101,7371,MARISO
737102,7371,MAMAJANG
737110,7371,TAMALATE
737113,7371,RAPPOCINI
737103,7371,MAKASSAR
737104,7371,UJUNG PANDANG
737105,7371,WAJO
737106,7371,BONTOALA
737108,7371,UJUNG TANAH
737115,7371,KEPULAUAN
737107,7371,TALLO
737109,7371,PANAKKUKANG
737112,7371,MANGGALA
737111,7371,BIRINGKANAYA
737114,7371,TAMALANREA
737201,7372,BACUKIKI
737204,7372,BACUKIKI BARAT
737202,7372,UJUNG
737203,7372,SOREANG
737303,7373,WARA SELATAN
737307,7373,SENDANA
737301,7373,WARA
737305,7373,WARA TIMUR
737308,7373,MUNGKAJANG
737302,7373,WARA UTARA
737309,7373,BARA
737304,7373,TELLUWANUA
737306,7373,WARA BARAT
740423,7404,LASALIMU
740424,7404,LASALIMU SELATAN
740427,7404,SIOTAPINA
740411,7404,PASARWAJO
740428,7404,WOLOWA
740429,7404,WABULA
740422,7404,KAPONTORI
740327,7403,TONGKUNO
740332,7403,TONGKUNO SELATAN
740325,7403,PARIGI
740326,7403,BONE
740331,7403,MAROBO
740324,7403,KABAWO
740323,7403,KABANGKA
740330,7403,KONTU KOWUNA
740320,7403,KONTUNAGA
740319,7403,WATOPUTE
740316,7403,KATOBU
740318,7403,LOHIA
740317,7403,DURUKA
740315,7403,BATALAIWARU
740306,7403,NAPABALANO
740314,7403,LASALEPA
740337,7403,TOWEA
740313,7403,WAKORUMBA SELATAN
740328,7403,PASIR PUTIH
740333,7403,PASI KOLAGA
740307,7403,MALIGANO
740334,7403,BATUKARA
740211,7402,SOROPIA
740236,7402,LALONGGASUMEETO
740205,7402,SAMPARA
740221,7402,BONDOALA
740220,7402,BESULUTU
740233,7402,KAPOIALA
740240,7402,ANGGALOMOARE
740239,7402,MOROSI
740201,7402,LAMBUYA
740218,7402,UEPAI
740217,7402,PURIALA
740237,7402,ONEMBUTE
740204,7402,PONDIDAHA
740219,7402,WONGGEDUKU
740228,7402,AMONGGEDO
740241,7402,WONGGEDUKU BARAT
740203,7402,WAWOTOBI
740225,7402,MELUHU
740232,7402,KONAWE
740202,7402,UNAAHA
740224,7402,ANGGABERI
740210,7402,ABUKI
740216,7402,LATOMA
740215,7402,TONGAUNA
740231,7402,ASINUA
740238,7402,PADANGGUNI
740223,7402,ROUTA
740108,7401,WATUBANGGA
740118,7401,TANGGETADA
740124,7401,TOARI
740125,7401,POLINGGONA
740107,7401,POMALAA
740101,7401,WUNDULAKO
740112,7401,BAULA
740104,7401,KOLAKA
740114,7401,LATAMBAGA
740110,7401,WOLO
740120,7401,SAMATURU
740127,7401,IWOIMENDAA
740501,7405,TINANGGEA
740512,7405,LALEMBUU
740503,7405,ANDOOLO
740517,7405,BUKE
740525,7405,ANDOOLO BARAT
740504,7405,PALANGGA
740514,7405,PALANGGA SELATAN
740520,7405,BAITO
740506,7405,LAINEA
740519,7405,LAEYA
740509,7405,KOLONO
740523,7405,KOLONO TIMUR
740511,7405,LAONTI
740510,7405,MORAMO
740516,7405,MORAMO UTARA
740507,7405,KONDA
740518,7405,WOLASI
740508,7405,RANOMEETO
740522,7405,RANOMEETO BARAT
740505,7405,LANDONO
740515,7405,MOWILA
740524,7405,SABULAKOA
740502,7405,ANGATA
740513,7405,BENUA
740521,7405,BASALA
740605,7406,KABAENA
740615,7406,KABAENA UTARA
740613,7406,KABAENA SELATAN
740614,7406,KABAENA BARAT
740606,7406,KABAENA TIMUR
740616,7406,KABAENA TENGAH
740604,7406,RUMBIA
740608,7406,MATA OLEO
740617,7406,KEP. MASALOKA RAYA
740618,7406,RUMBIA TENGAH
740603,7406,RAROWATU
740609,7406,RAROWATU UTARA
740622,7406,MATA USU
740621,7406,LANTARI JAYA
740602,7406,POLEANG TIMUR
740610,7406,POLEANG UTARA
740611,7406,POLEANG SELATAN
740612,7406,POLEANG TENGGARA
740601,7406,POLEANG
740607,7406,POLEANG BARAT
740620,7406,TONTONUNU
740619,7406,POLEANG TENGAH
740704,7407,BINONGKO
740708,7407,TOGO BINONGKO
740703,7407,TOMIA
740707,7407,TOMIA TIMUR
740702,7407,KALEDUPA
740706,7407,KALEDUPA SELATAN
740701,7407,WANGI-WANGI
740705,7407,WANGI WANGI SELATAN
740804,7408,RANTE ANGIN
740808,7408,LAMBAI
740807,7408,WAWO
740801,7408,LASUSUA
740813,7408,KATOI
740805,7408,KODEOHA
740814,7408,TIWU
740806,7408,NGAPA
740809,7408,WATUNOHU
740802,7408,PAKUE
740811,7408,PAKUE UTARA
740810,7408,PAKUE TENGAH
740803,7408,BATU PUTIH
740812,7408,POREHU
740815,7408,TOLALA
741003,7410,BONEGUNU
741002,7410,KAMBOWA
741006,7410,WAKORUMBA UTARA
741001,7410,KULISUSU
741004,7410,KULISUSU BARAT
741005,7410,KULISUSU UTARA
740907,7409,SAWA
740910,7409,MOTUI
740906,7409,LEMBO
740905,7409,LASOLO
740911,7409,WAWOLESEA
740912,7409,LASOLO KEPULAUAN
740904,7409,MOLAWE
740901,7409,ASERA
740909,7409,ANDOWIA
740908,7409,OHEO
740903,7409,LANGGIKIMA
740902,7409,WIWIRANO
740913,7409,LANDAWE
741110,7411,AERE
741105,7411,LAMBANDIA
741104,7411,POLI POLIA
741112,7411,DANGIA
741103,7411,LADONGI
741102,7411,LOEA
741101,7411,TIRAWUTA
741106,7411,LALOLAE
741107,7411,MOWEWE
741109,7411,TINONDO
741108,7411,ULUIWOI
741111,7411,UEESI
741205,7412,WAWONII TENGGARA
741204,7412,WAWONII TIMUR
741203,7412,WAWONII TIMUR LAUT
741202,7412,WAWONII UTARA
741206,7412,WAWONII SELATAN
741207,7412,WAWONII TENGAH
741201,7412,WAWONII BARAT
741309,7413,TIWORO KEPULAUAN
741306,7413,MAGINTI
741307,7413,TIWORO TENGAH
741305,7413,TIWORO SELATAN
741308,7413,TIWORO UTARA
741303,7413,LAWA
741301,7413,SAWERIGADI
741302,7413,BARANGKA
741304,7413,WADAGA
741310,7413,KUSAMBI
741311,7413,NAPANO KUSAMBI
741405,7414,TALAGA RAYA
741404,7414,MAWASANGKA
741403,7414,MAWASANGKA TENGAH
741402,7414,MAWASANGKA TIMUR
741401,7414,LAKUDO
741406,7414,GU
741407,7414,SANGIA WAMBULU
741504,7415,BATU ATAS
741503,7415,LAPANDEWA
741502,7415,SAMPOLAWA
741501,7415,BATAUGA
741505,7415,SIOMPU BARAT
741506,7415,SIOMPU
741507,7415,KADATUA
747101,7471,MANDONGA
747103,7471,BARUGA
747109,7471,PUUWATU
747108,7471,KADIA
747107,7471,WUA-WUA
747104,7471,POASIA
747106,7471,ABELI
747110,7471,KAMBU
747102,7471,KENDARI
747105,7471,KENDARI BARAT
747201,7472,BETOAMBARI
747206,7472,MURHUM
747208,7472,BATUPOARO
747202,7472,WOLIO
747205,7472,KOKALUKUNA
747203,7472,SORAWOLIO
747204,7472,BUNGI
747207,7472,LEA-LEA
750205,7502,MANANGGU
750204,7502,TILAMUTA
750203,7502,DULUPI
750206,7502,BOTUMOITA
750201,7502,PAGUYAMAN
750202,7502,WONOSARI
750207,7502,PAGUYAMAN PANTAI
750105,7501,BATUDAA PANTAI
750120,7501,BILUHU
750103,7501,BATUDAA
750111,7501,BONGOMEME
750119,7501,TABONGO
750124,7501,DUNGALIYO
750104,7501,TIBAWA
750116,7501,PULUBALA
750109,7501,BOLIYOHUTO
750114,7501,MOOTILANGO
750113,7501,TOLANGOHULA
750121,7501,ASPARAGA
750123,7501,BILATO
750101,7501,LIMBOTO
750117,7501,LIMBOTO BARAT
750102,7501,TELAGA
750110,7501,TELAGA BIRU
750118,7501,TILANGO
750122,7501,TALAGA JAYA
750401,7504,POPAYATO
750413,7504,POPAYATO BARAT
750412,7504,POPAYATO TIMUR
750402,7504,LEMITO
750411,7504,WANGGARASI
750404,7504,MARISA
750406,7504,PATILANGGIO
750409,7504,BUNTULIA
750410,7504,DUHIADAA
750403,7504,RANDANGAN
750407,7504,TALUDITI
750405,7504,PAGUAT
750408,7504,DENGILO
750301,7503,TAPA
750305,7503,BULANGO UTARA
750315,7503,BULANGO SELATAN
750316,7503,BULANGO TIMUR
750314,7503,BULANGO ULU
750302,7503,KABILA
750307,7503,BOTUPINGGE
750306,7503,TILONGKABILA
750303,7503,SUWAWA
750312,7503,SUWAWA SELATAN
750311,7503,SUWAWA TIMUR
750313,7503,SUWAWA TENGAH
750318,7503,PINOGU
750304,7503,BONEPANTAI
750308,7503,KABILA BONE
750310,7503,BONE RAYA
750309,7503,BONE
750317,7503,BULAWA
750501,7505,ATINGGOLA
750506,7505,GENTUMA RAYA
750502,7505,KWANDANG
750507,7505,TOMOLITO
750508,7505,PONELO KEPULAUAN
750503,7505,ANGGREK
750509,7505,MONANO
750504,7505,SUMALATA
750511,7505,SUMALATA TIMUR
750505,7505,TOLINGGULA
750510,7505,BIAU
757101,7571,KOTA BARAT
757104,7571,DUNGINGI
757102,7571,KOTA SELATAN
757105,7571,KOTA TIMUR
757109,7571,HULONTHALANGI
757108,7571,DUMBO RAYA
757103,7571,KOTA UTARA
757106,7571,KOTA TENGAH
757107,7571,SIPATANA
760501,7605,BANGGAE
760508,7605,BANGGAE TIMUR
760502,7605,PAMBOANG
760503,7605,SENDANA
760506,7605,TAMMERODO SENDANA
760507,7605,TUBO SENDANA
760504,7605,MALUNDA
760505,7605,ULUMANDA
760401,7604,TINAMBUNG
760412,7604,BALANIPA
760411,7604,LIMBORO
760405,7604,TUTAR
760415,7604,ALLU
760402,7604,CAMPALAGIAN
760410,7604,LUYO
760403,7604,WONOMULYO
760408,7604,MAPILLI
760407,7604,TAPANGO
760414,7604,MATAKALI
760416,7604,BULO
760404,7604,POLEWALI
760406,7604,BINUANG
760413,7604,ANREAPI
760409,7604,MATANGNGA
760306,7603,SUMARORONG
760307,7603,MESSAWA
760304,7603,PANA
760313,7603,NOSU
760310,7603,TABANG
760303,7603,MAMASA
760309,7603,TANDUK KALUA
760312,7603,BALLA
760308,7603,SESENAPADANG
760314,7603,TAWALIAN
760301,7603,MAMBI
760311,7603,BAMBANG
760315,7603,RANTEBULAHAN TIMUR
760317,7603,MEHALAAN
760302,7603,ARALLE
760316,7603,BUNTUMALANGKA
760305,7603,TABULAHAN
760202,7602,TAPALANG
760213,7602,TAPALANG BARAT
760201,7602,MAMUJU
760212,7602,SIMBORO DAN
760216,7602,KEP. BALA BALAKANG
760203,7602,KALUKKU
760207,7602,PAPALANG
760208,7602,SAMPAGA
760211,7602,TOMMO
760204,7602,KALUMPANG
760215,7602,BONEHAU
760104,7601,SARUDU
760105,7601,DAPURANG
760106,7601,DURIPOKU
760103,7601,BARAS
760107,7601,BULU TABA
760112,7601,LARIANG
760102,7601,PASANGKAYU
760108,7601,TIKKE RAYA
760109,7601,PEDONGGA
760101,7601,BAMBALAMOTU
760110,7601,BAMBAIRA
760111,7601,SARJO
760602,7606,PANGALE
760603,7606,BUDONG-BUDONG
760601,7606,TOBADAK
760604,7606,TOPOYO
760605,7606,KAROSSA
810301,8103,TANIMBAR SELATAN
810303,8103,WER TAMRIAN
810304,8103,WER MAKTIAN
810302,8103,SELARU
810305,8103,TANIMBAR UTARA
810306,8103,YARU
810307,8103,WUAR LABOBAR
810309,8103,NIRUNMAS
810308,8103,KORMOMOLIN
810318,8103,MOLU MARU
810201,8102,KEI KECIL
810214,8102,KEI KECIL BARAT
810213,8102,KEI KECIL TIMUR
810216,8102,HOAT SORBAY
810215,8102,MANYEUW
810219,8102,KEI KECIL TIMUR SELATAN
810203,8102,KEI BESAR
810205,8102,KEI BESAR UTARA TIMUR
810204,8102,KEI BESAR SELATAN
810217,8102,KEI BESAR UTARA BARAT
810218,8102,KEI BESAR SELATAN BARAT
810109,8101,BANDA
810111,8101,TEHORU
810123,8101,TELUTIH
810101,8101,AMAHAI
810117,8101,KOTA MASOHI
810121,8101,TELUK ELPAPUTIH
810102,8101,TEON NILA SERUA
810112,8101,SAPARUA
810116,8101,NUSA LAUT
810126,8101,SAPARUA TIMUR
810113,8101,PULAU HARUKU
810114,8101,SALAHUTU
810115,8101,LEIHITU
810122,8101,LEIHITU BARAT
810106,8101,SERAM UTARA
810120,8101,SERAM UTARA BARAT
810125,8101,SERAM UTARA TIMUR KOBI
810124,8101,SERAM UTARA TIMUR SETI
810401,8104,NAMLEA
810403,8104,WAEAPO
810406,8104,WAPLAU
810410,8104,BATABUAL
810414,8104,TELUK KAIELY
810412,8104,WAELATA
810411,8104,LOLONG GUBA
810415,8104,LILIALY
810402,8104,AIR BUAYA
810413,8104,FENA LEISELA
810702,8107,ARU SELATAN
810709,8107,ARU SELATAN TIMUR
810710,8107,ARU SELATAN UTARA
810703,8107,ARU TENGAH
810707,8107,ARU TENGAH TIMUR
810708,8107,ARU TENGAH SELATAN
810701,8107,PULAU-PULAU ARU
810704,8107,ARU UTARA
810705,8107,ARU UTARA TIMUR
810706,8107,SIR-SIR
810604,8106,HUAMUAL BELAKANG
810609,8106,KEPULAUAN MANIPA
810602,8106,SERAM BARAT
810608,8106,HUAMUAL
810601,8106,KAIRATU
810607,8106,KAIRATU BARAT
810606,8106,INAMOSOL
810605,8106,AMALATU
810611,8106,ELPAPUTIH
810603,8106,TANIWEL
810610,8106,TANIWEL TIMUR
810504,8105,PULAU GOROM
810505,8105,WAKATE
810510,8105,TEOR
810511,8105,GOROM TIMUR
810509,8105,PULAU PANJANG
810502,8105,SERAM TIMUR
810506,8105,TUTUK TOLU
810508,8105,KILMURY
810514,8105,SIRITAUN WIDA TIMUR
810513,8105,KIAN DARAT
810503,8105,WERINAMA
810507,8105,SIWALALAT
810501,8105,BULA
810512,8105,BULA BARAT
810515,8105,TELUK WARU
810806,8108,WETAR
810814,8108,WETAR BARAT
810813,8108,WETAR UTARA
810815,8108,WETAR TIMUR
810807,8108,PULAU-PULAU TERSELATAN
810817,8108,KISAR UTARA
810816,8108,KEPULAUAN ROMANG
810808,8108,PULAU LETI
810801,8108,MOA LAKOR
810812,8108,PULAU LAKOR
810802,8108,DAMER
810803,8108,MNDONA HIERA
810804,8108,PULAU-PULAU BABAR
810811,8108,PULAU WETANG
810805,8108,PULAU-PULAU BABAR TIMUR
810809,8108,PULAU MASELA
810810,8108,DAWELOR DAWERA
810904,8109,KEPALA MADAN
810905,8109,LEKSULA
810906,8109,FENA FAFAN
810901,8109,NAMROLE
810902,8109,WAESAMA
810903,8109,AMBALAU
817101,8171,NUSANIWE
817102,8171,SIRIMAU
817105,8171,LEITIMUR SELATAN
817103,8171,BAGUALA
817104,8171,TELUK AMBON
817204,8172,PULAU-PULAU KUR
817205,8172,KUR SELATAN
817203,8172,TAYANDO TAM
817201,8172,PULAU DULLAH UTARA
817202,8172,PULAU DULLAH SELATAN
820101,8201,JAILOLO
820105,8201,JAILOLO SELATAN
820104,8201,SAHU
820109,8201,SAHU TIMUR
820103,8201,IBU
820108,8201,IBU SELATAN
820107,8201,IBU UTARA
820102,8201,LOLODA
820201,8202,WEDA
820205,8202,WEDA SELATAN
820204,8202,WEDA UTARA
820207,8202,WEDA TENGAH
820203,8202,PULAU GEBE
820202,8202,PATANI
820206,8202,PATANI UTARA
820208,8202,PATANI BARAT
820210,8202,PATANI TIMUR
820503,8205,SULABESI BARAT
820509,8205,SULABESI SELATAN
820502,8205,SANANA
820507,8205,SULABESI TENGAH
820508,8205,SULABESI TIMUR
820518,8205,SANANA UTARA
820501,8205,MANGOLI TIMUR
820511,8205,MANGOLI TENGAH
820510,8205,MANGOLI UTARA TIMUR
820506,8205,MANGOLI BARAT
820513,8205,MANGOLI UTARA
820512,8205,MANGOLI SELATAN
820405,8204,OBI SELATAN
820406,8204,OBI
820428,8204,OBI BARAT
820429,8204,OBI TIMUR
820430,8204,OBI UTARA
820408,8204,BACAN
820419,8204,MANDIOLI SELATAN
820420,8204,MANDIOLI UTARA
820417,8204,BACAN SELATAN
820418,8204,KEPULAUAN HOTANGLOMANG
820407,8204,BACAN TIMUR
820421,8204,BACAN TIMUR SELATAN
820422,8204,BACAN TIMUR TENGAH
820409,8204,BACAN BARAT
820415,8204,KASIRUTA BARAT
820416,8204,KASIRUTA TIMUR
820414,8204,BACAN BARAT UTARA
820402,8204,KAYOA
820411,8204,KAYOA BARAT
820412,8204,KAYOA SELATAN
820413,8204,KAYOA UTARA
820401,8204,PULAU MAKIAN
820410,8204,MAKIAN BARAT
820404,8204,GANE BARAT
820423,8204,GANE BARAT SELATAN
820424,8204,GANE BARAT UTARA
820425,8204,KEPULAUAN JORONGA
820403,8204,GANE TIMUR
820427,8204,GANE TIMUR TENGAH
820426,8204,GANE TIMUR SELATAN
820308,8203,MALIFUT
820322,8203,KAO TELUK
820307,8203,KAO
820321,8203,KAO BARAT
820320,8203,KAO UTARA
820306,8203,TOBELO SELATAN
820313,8203,TOBELO BARAT
820312,8203,TOBELO TIMUR
820305,8203,TOBELO
820311,8203,TOBELO TENGAH
820310,8203,TOBELO UTARA
820304,8203,GALELA
820316,8203,GALELA SELATAN
820314,8203,GALELA BARAT
820315,8203,GALELA UTARA
820309,8203,LOLODA UTARA
820319,8203,LOLODA KEPULAUAN
820603,8206,MABA SELATAN
820610,8206,KOTA MABA
820604,8206,WASILE SELATAN
820601,8206,WASILE
820607,8206,WASILE TIMUR
820605,8206,WASILE TENGAH
820606,8206,WASILE UTARA
820602,8206,MABA
820608,8206,MABA TENGAH
820609,8206,MABA UTARA
820701,8207,MOROTAI SELATAN
820705,8207,MOROTAI TIMUR
820702,8207,MOROTAI SELATAN BARAT
820703,8207,MOROTAI JAYA
820704,8207,MOROTAI UTARA
820801,8208,TALIABU BARAT
820807,8208,TALIABU SELATAN
820808,8208,TABONA
820806,8208,TALIABU TIMUR SELATAN
820805,8208,TALIABU TIMUR
820804,8208,TALIABU UTARA
820803,8208,LEDE
820802,8208,TALIABU BARAT LAUT
827101,8271,PULAU TERNATE
827104,8271,MOTI
827105,8271,PULAU BATANG DUA
827107,8271,PULAU HIRI
827108,8271,TERNATE BARAT
827102,8271,KOTA TERNATE SELATAN
827106,8271,KOTA TERNATE TENGAH
827103,8271,KOTA TERNATE UTARA
827204,8272,TIDORE SELATAN
827205,8272,TIDORE UTARA
827201,8272,TIDORE
827208,8272,TIDORE TIMUR
827203,8272,OBA
827207,8272,OBA SELATAN
827202,8272,OBA UTARA
827206,8272,OBA TENGAH
920303,9203,FAK-FAK TIMUR
920306,9203,KARAS
920312,9203,FAKFAK TIMUR TENGAH
920301,9203,FAK-FAK
920305,9203,FAK-FAK TENGAH
920310,9203,PARIWARI
920302,9203,FAK-FAK BARAT
920311,9203,WARTUTIN
920304,9203,KOKAS
920309,9203,TELUK PATIPI
920308,9203,KRAMONGMONGGA
920307,9203,BOMBERAY
920313,9203,ARGUNI
920314,9203,MBAHAMDANDARA
920316,9203,FURWAGI
920315,9203,KAYAUNI
920317,9203,TOMAGE
920802,9208,BURUWAY
920803,9208,TELUK ARGUNI ATAS
920806,9208,TELUK ARGUNI BAWAH
920801,9208,KAIMANA
920805,9208,KAMBRAU
920804,9208,TELUK ETNA
920807,9208,YAMOR
920707,9207,NAIKERE
920704,9207,WONDIBOY
920708,9207,RASIEI
920709,9207,KURI WAMESA
920701,9207,WASIOR
920703,9207,TELUK DUAIRI
920710,9207,ROON
920702,9207,WINDESI
920712,9207,NIKIWAR
920705,9207,WAMESA
920711,9207,ROSWAR
920706,9207,RUMBERPON
920713,9207,SOUG JAYA
920608,9206,FAFURWAR
920603,9206,BABO
920614,9206,SUMURI
920616,9206,AROBA
920615,9206,KAITARO
920610,9206,KURI
920607,9206,WAMESA
920601,9206,BINTUNI
920611,9206,MANIMERI
920612,9206,TUHIBA
920613,9206,DATARAN BEIMES
920609,9206,TEMBUNI
920604,9206,ARANDAY
920620,9206,KAMUNDAN
920619,9206,TOMU
920621,9206,WERIAGAR
920605,9206,MOSKONA SELATAN
920623,9206,MEYADO
920622,9206,MOSKONA BARAT
920602,9206,MERDEY
920618,9206,BISCOOP
920617,9206,MASYETA
920606,9206,MOSKONA UTARA
920624,9206,MOSKONA TIMUR
920203,9202,WARMARE
920204,9202,PRAFI
920212,9202,MANOKWARI BARAT
920213,9202,MANOKWARI TIMUR
920214,9202,MANOKWARI UTARA
920215,9202,MANOKWARI SELATAN
920217,9202,TANAH RUBUH
920205,9202,MASNI
920221,9202,SIDEY
920404,9204,INANWATAN
920420,9204,MATEMANI
920409,9204,KOKODA
920414,9204,KAIS
920421,9204,KOKODA UTARA
920426,9204,KAIS DARAT
920410,9204,MOSWAREN
920401,9204,TEMINABUAN
920411,9204,SEREMUK
920412,9204,WAYER
920415,9204,KONDA
920422,9204,SAIFI
920406,9204,SAWIAT
920424,9204,FOKOUR
920425,9204,SALKMA
920141,9201,KLASO
920148,9201,SAENGKEDUK
920101,9201,MAKBON
920140,9201,KLAYILI
920104,9201,BERAUR
920108,9201,KLAMONO
920117,9201,KLABOT
920118,9201,KLAWAK
920144,9201,BAGUN
920151,9201,KLASAFET
920149,9201,MALABOTOM
920154,9201,BOTAIN
920150,9201,KONHIR
920105,9201,SALAWATI
920113,9201,MAYAMUK
920142,9201,MOISEGEN
920152,9201,HOBARD
920147,9201,BUK
920106,9201,SEGET
920112,9201,SEGUN
920114,9201,SALAWATI SELATAN
920153,9201,SALAWATI TENGAH
920107,9201,AIMAS
920139,9201,MARIAT
920143,9201,SORONG
920110,9201,SAYOSA
920120,9201,MAUDUS
920145,9201,WEMAK
920155,9201,SAYOSA TIMUR
920146,9201,SUNOOK
920513,9205,MISOOL SELATAN
920516,9205,MISOOL BARAT
920501,9205,MISOOL (MISOOL UTARA)
920510,9205,KOFIAU
920506,9205,MISOOL TIMUR
920517,9205,KEPULAUAN SEMBILAN
920504,9205,SALAWATI UTARA
920522,9205,SALAWATI TENGAH
920521,9205,SALAWATI BARAT
920525,9205,BATANTA SELATAN
920520,9205,BATANTA UTARA
920503,9205,WAIGEO SELATAN
920509,9205,TELUK MAYALIBIT
920511,9205,MEOS MANSAR
920518,9205,KOTA WAISAI
920519,9205,TIPLOL MAYALIBIT
920507,9205,WAIGEO BARAT
920515,9205,WAIGEO BARAT KEPULAUAN
920502,9205,WAIGEO UTARA
920514,9205,WARWARBOMI
920523,9205,SUPNIN
920524,9205,AYAU
920505,9205,KEPULAUAN AYAU
920508,9205,WAIGEO TIMUR
920901,9209,FEF
920907,9209,SYUJAK
920915,9209,ASES
920920,9209,TINGGOUW
920902,9209,MIYAH
920916,9209,MIYAH SELATAN
920917,9209,IRERES
920919,9209,WILHEM ROUMBOUTS
920906,9209,ABUN
920904,9209,KWOOR
920918,9209,TOBOUW
920921,9209,KWESEFO
920905,9209,SAUSAPOR
920913,9209,BIKAR
920903,9209,YEMBUN
920914,9209,BAMUSBAMA
920909,9209,KEBAR
920923,9209,KEBAR TIMUR
920924,9209,KEBAR SELATAN
920925,9209,MANEKAR
920911,9209,SENOPI
920922,9209,MAWABUAN
920910,9209,AMBERBAKEN
920926,9209,MPUR
920927,9209,AMBERBAKEN BARAT
920912,9209,MUBRANI
920908,9209,MORAID
920929,9209,SELEMKAI
920928,9209,KASI
921005,9210,AITINYO BARAT
921017,9210,AYAMARU SELATAN JAYA
921006,9210,AITINYO
921022,9210,AITINYO TENGAH
921004,9210,AIFAT SELATAN
921014,9210,AIFAT TIMUR SELATAN
921001,9210,AIFAT
921007,9210,AITINYO UTARA
921023,9210,AITINYO RAYA
921010,9210,AYAMARU TIMUR
921018,9210,AYAMARU TIMUR SELATAN
921008,9210,AYAMARU
921015,9210,AYAMARU SELATAN
921016,9210,AYAMARU JAYA
921020,9210,AYAMARU TENGAH
921021,9210,AYAMARU BARAT
921009,9210,AYAMARU UTARA
921019,9210,AYAMARU UTARA TIMUR
921011,9210,MARE
921024,9210,MARE SELATAN
921002,9210,AIFAT UTARA
921003,9210,AIFAT TIMUR
921012,9210,AIFAT TIMUR TENGAH
921013,9210,AIFAT TIMUR JAUH
921106,9211,TAHOTA
921104,9211,DATARAN ISIM
921103,9211,NENEY
921105,9211,MOMI WAREN
921101,9211,RANSIKI
921102,9211,ORANSBARI
921205,9212,DIDOHU
921204,9212,SURUREY
921202,9212,ANGGI GIDA
921203,9212,MEMBEY
921201,9212,ANGGI
921206,9212,TAIGE
921210,9212,HINGK
921209,9212,MINYAMBAOUW
921207,9212,CATUBOUW
921208,9212,TESTEGA
927103,9271,SORONG BARAT
927104,9271,SORONG KEPULAUAN
927110,9271,MALADUM MES
927102,9271,SORONG TIMUR
927105,9271,SORONG UTARA
927101,9271,SORONG
927106,9271,SORONG MANOI
927108,9271,KLAURUNG
927109,9271,MALAIMSIMSA
927107,9271,SORONG KOTA
910104,9101,KIMAAM
910119,9101,WAAN
910118,9101,TABONJI
910120,9101,ILWAYAB
910103,9101,OKABA
910115,9101,TUBANG
910116,9101,NGGUTI
910117,9101,KAPTEL
910111,9101,KURIK
910114,9101,MALIND
910113,9101,ANIMHA
910101,9101,MERAUKE
910105,9101,SEMANGGA
910106,9101,TANAH MIRING
910107,9101,JAGEBOB
910108,9101,SOTA
910112,9101,NAUKENJERAI
910102,9101,MUTING
910110,9101,ELIKOBAL
910109,9101,ULILIN
910201,9102,WAMENA
910229,9102,ASOLOKOBAL
910225,9102,WALELAGAMA
910240,9102,TRIKORA
910241,9102,NAPUA
910242,9102,WALAIK
910243,9102,WOUMA
910263,9102,WELESI
910264,9102,ASOTIPO
910265,9102,MAIMA
910212,9102,HUBIKOSI
910234,9102,PELEBAGA
910245,9102,IBELE
910246,9102,TAELAREK
910244,9102,HUBIKIAK
910204,9102,ASOLOGAIMA
910227,9102,MUSATFAK
910258,9102,SILO KARNO DOGA
910259,9102,PIRAMID
910260,9102,MULIAMA
910267,9102,WAME
910203,9102,KURULU
910249,9102,USILIMO
910250,9102,WITA WAYA
910251,9102,LIBAREK
910252,9102,WADANGKU
910253,9102,PISUGI
910215,9102,BOLAKME
910228,9102,WOLO
910235,9102,YALENGGA
910255,9102,TAGIME
910256,9102,MOLAGALOME
910257,9102,TAGINERI
910261,9102,BUGI
910262,9102,BPIRI
910254,9102,KORAGI
910268,9102,WESAPUT
910248,9102,SIEPKOSI
910247,9102,ITLAY HISAGE
910266,9102,POPUGOBA
910311,9103,KAUREH
910316,9103,AIRU
910315,9103,YAPSI
910305,9103,KEMTUK
910306,9103,KEMTUK GRESI
910318,9103,GRESI  SELATAN
910307,9103,NIMBORAN
910314,9103,NAMBLUONG
910308,9103,NIMBOKRANG
910309,9103,UNURUM GUAY
910310,9103,DEMTA
910319,9103,YOKARI
910303,9103,DEPAPRE
910317,9103,RAVENI RARA
910304,9103,SENTANI BARAT
910313,9103,WAIBU
910301,9103,SENTANI
910312,9103,EBUNGFAO
910302,9103,SENTANI TIMUR
910406,9104,UWAPA
910425,9104,MENOU
910424,9104,DIPA
910403,9104,YAUR
910412,9104,TELUK UMAR
910417,9104,YARO
910422,9104,NABIRE BARAT
910401,9104,NABIRE
910416,9104,TELUK KIMI
910402,9104,NAPAN
910411,9104,MAKIMI
910421,9104,WAPOGA
910423,9104,MOORA
910410,9104,SIRIWO
910503,9105,YAPEN TIMUR
910507,9105,YAPEN UTARA
910509,9105,TELUK AMPIMOI
910508,9105,RAIMBAWI
910513,9105,PULAU KURUDU
910504,9105,ANGKAISERA
910510,9105,KEPULAUAN AMBAI
910516,9105,YAWAKUKAT
910501,9105,YAPEN SELATAN
910506,9105,KOSIWO
910515,9105,ANOTAUREI
910502,9105,YAPEN BARAT
910511,9105,WONAWA
910514,9105,PULAU YERUI
910505,9105,POOM
910512,9105,WINDESI
910604,9106,NUMFOR BARAT
910617,9106,ORKERI
910605,9106,NUMFOR TIMUR
910616,9106,BRUYADORI
910618,9106,POIRU
910610,9106,PADAIDO
910619,9106,AIMANDO PADAIDO
910603,9106,BIAK TIMUR
910620,9106,ORIDEK
910601,9106,BIAK KOTA
910612,9106,SAMOFA
910611,9106,YENDIDORI
910602,9106,BIAK UTARA
910614,9106,ANDEY
910609,9106,WARSA
910613,9106,YAWOSI
910621,9106,BONDIFUAR
910608,9106,BIAK BARAT
910801,9108,PANIAI TIMUR
910820,9108,YATAMO
910824,9108,PUGO DAGI
910822,9108,WEGEE MUKA
910823,9108,WEGEE BINO
910828,9108,YAGAI
910809,9108,BIBIDA
910812,9108,DUMADAMA
910804,9108,ARADIDE
910821,9108,EKADIDE
910833,9108,AWEIDA
910834,9108,TOPIYAI
910825,9108,MUYE
910802,9108,PANIAI BARAT
910831,9108,DEIYAI  MIYO
910826,9108,NAKAMA
910827,9108,TELUK DEYA
910807,9108,BOGABAIDA
910829,9108,YOUTADI
910706,9107,FAWI
910733,9107,DAGAI
910734,9107,KIYAGE
910701,9107,MULIA
910722,9107,YAMBI
910721,9107,ILAMBURAWI
910720,9107,MUARA
910717,9107,PAGALEME
910718,9107,GURAGE
910719,9107,IRIMULI
910703,9107,ILU
910711,9107,TORERE
910728,9107,YAMONERI
910729,9107,WAEGI
910710,9107,NUME
910730,9107,NIOGA
910731,9107,GUBUME
910732,9107,TAGANOMBAK
910712,9107,TINGGINAMBUT
910726,9107,KALOME
910727,9107,WANWI
910707,9107,MEWOLUK
910723,9107,LUMO
910724,9107,MOLANIKIME
910708,9107,YAMO
910725,9107,DOKOME
910904,9109,MIMIKA BARAT
910911,9109,MIMIKA BARAT JAUH
910912,9109,MIMIKA BARAT TENGAH
910917,9109,AMAR
910903,9109,MIMIKA TIMUR
910908,9109,MIMIKA TENGAH
910907,9109,MIMIKA TIMUR JAUH
910901,9109,MIMIKA BARU
910909,9109,KUALA KENCANA
910910,9109,TEMBAGAPURA
910916,9109,WANIA
910915,9109,IWAKA
910913,9109,KWAMKI NARAMA
910902,9109,AGIMUGA
910906,9109,JILA
910905,9109,JITA
910918,9109,ALAMA
910914,9109,HOYA
911605,9116,JAIR
911615,9116,SUBUR
911619,9116,KI
911602,9116,MINDIPTANA
911608,9116,INIYANDIT
911607,9116,KOMBUT
911618,9116,SESNUK
911601,9116,MANDOBO
911610,9116,FOFI
911609,9116,ARIMOP
911604,9116,KOUH
911606,9116,BOMAKIA
911613,9116,FIRIWAGE
911612,9116,MANGGELUM
911614,9116,YANIRUMA
911620,9116,KAWAGIT
911616,9116,KOMBAY
911603,9116,WAROPKO
911611,9116,AMBATKWI
911617,9116,NINATI
911702,9117,MAMBIOMAN BAPAI
911709,9117,MINYAMUR
911704,9117,EDERA
911710,9117,VENAHA
911711,9117,SYAHCAME
911713,9117,BAMGI
911712,9117,YAKOMI
911701,9117,OBAA
911708,9117,PASSUE
911705,9117,HAJU
911706,9117,ASSUE
911703,9117,CITAK-MITAK
911707,9117,KAIBAR
911714,9117,PASSUE BAWAH
911715,9117,TI  ZAIN
911806,9118,PANTAI KASUARI
911815,9118,KOPAY
911814,9118,DER KOUMUR
911816,9118,SAFAN
911805,9118,FAYIT
911802,9118,ATSJ
911817,9118,SIRETS
911818,9118,AYIP
911819,9118,BETCBAMU
911807,9118,SUATOR
911809,9118,KOLF BRAZA
911804,9118,AKAT
911813,9118,JETSY
911801,9118,AGATS
911803,9118,SAWA ERMA
911808,9118,SURU-SURU
911810,9118,UNIR SIRAU
911811,9118,JOERAT
911812,9118,PULAU TIGA
911301,9113,KURIMA
911314,9113,MUSAIK
911309,9113,DEKAI
911310,9113,OBIO
911315,9113,PASEMA
911313,9113,AMUMA
911312,9113,WUSAMA
911306,9113,SILIMO
911303,9113,NINIA
911336,9113,HOLUON
911337,9113,LOLAT
911341,9113,LANGDA
911342,9113,BOMELA
911343,9113,SUNTAMON
911345,9113,SOBAHAM
911340,9113,KORUPUN
911339,9113,SELA
911347,9113,KWELEMDUA
911302,9113,ANGGRUK
911322,9113,PANGGEMA
911327,9113,WALMA
911323,9113,KOSAREK
911325,9113,UBAHAK
911308,9113,NALCA
911332,9113,PULDAMA
911324,9113,NIPSAN
911307,9113,SAMENAGE
911320,9113,TANGMA
911318,9113,SOBA
911317,9113,MUGI
911351,9113,YOGOSEM
911352,9113,KAYO
911353,9113,SUMO
911316,9113,HOGIO
911321,9113,UKHA
911319,9113,WERIMA
911338,9113,SOLOIKMA
911344,9113,SEREDELA
911346,9113,KABIANGGAMA
911348,9113,KWIKMA
911349,9113,HILIPUK
911328,9113,YAHULIAMBUT
911329,9113,HEREAPINI
911330,9113,UBALIHI
911331,9113,TALAMBO
911326,9113,PRONGGOLI
911333,9113,ENDOMEN
911334,9113,KONA
911350,9113,DURAM
911335,9113,DIRWEMNA
911204,9112,IWUR
911217,9112,KAWOR
911219,9112,TARUP
911218,9112,AWINBON
911201,9112,OKSIBIL
911209,9112,PEPERA
911211,9112,ALEMSOM
911215,9112,SERAMBAKON
911213,9112,KALOMDOL
911214,9112,OKSOP
911212,9112,OKBAPE
911216,9112,OK AOM
911206,9112,BORME
911210,9112,BIME
911232,9112,EIPUMEK
911227,9112,WEIME
911233,9112,PAMEK
911234,9112,NONGME
911226,9112,BATANI
911203,9112,OKBIBAB
911208,9112,ABOY
911225,9112,OKBAB
911231,9112,TEIRAPLU
911230,9112,JETFA
911202,9112,KIWIROK
911207,9112,KIWIROK TIMUR
911224,9112,OKSEBANG
911220,9112,OKHIKA
911222,9112,OKLIP
911221,9112,OKSAMOL
911223,9112,OKBEMTAU
911205,9112,BATOM
911228,9112,MURKIM
911229,9112,MOFINOP
911403,9114,KANGGIME
911410,9114,WONIKI
911418,9114,NABUNAGE
911419,9114,GILUBANDU
911434,9114,WAKUWO
911443,9114,AWEKU
911444,9114,BOGONUK
911401,9114,KARUBAGA
911405,9114,GOYAGE
911406,9114,WUNIM
911412,9114,KONDA/ KONDAGA
911413,9114,NELAWI
911414,9114,KUARI
911445,9114,LI ANOGOMMA
911446,9114,BIUK
911402,9114,BOKONDINI
911415,9114,BOKONERI
911416,9114,BEWANI
911404,9114,KEMBU
911407,9114,WINA
911408,9114,UMAGI
911409,9114,PANAGA
911427,9114,POGANERI
911428,9114,KAMBONERI
911429,9114,AIRGARAM
911431,9114,DOW
911430,9114,WARI/TAIYEVE II
911420,9114,NUNGGAWI
911411,9114,KUBU
911437,9114,ANAWI
911439,9114,WUGI
911425,9114,GEYA
911438,9114,WENAM
911422,9114,NUMBA
911442,9114,KAI
911424,9114,DUNDU
911421,9114,GUNDAGI
911423,9114,TIMORI
911433,9114,YUNERI
911441,9114,TAGIME
911440,9114,DANIME
911447,9114,YUKO
911436,9114,TELENGGEME
911435,9114,GIKA
911432,9114,TAGINERI
911014,9110,PANTAI TIMUR BAGIAN BARAT
911004,9110,PANTAI TIMUR
911005,9110,BONGGO
911015,9110,BONGGO TIMUR
911002,9110,TOR ATAS
911001,9110,SARMI
911013,9110,SARMI TIMUR
911012,9110,SARMI SELATAN
911003,9110,PANTAI BARAT
911009,9110,APAWER HULU
911104,9111,WEB
911107,9111,TOWE
911110,9111,YAFFI
911103,9111,SENGGI
911111,9111,KAISENAR
911101,9111,WARIS
911102,9111,ARSO
911106,9111,ARSO TIMUR
911108,9111,ARSO BARAT
911109,9111,MANNEM
911105,9111,SKANTO
911501,9115,WAROPEN BAWAH
911509,9115,INGGERUS
911508,9115,UREI FAISEI
911511,9115,OUDATE
911512,9115,WAPOGA
911503,9115,MASIREI
911507,9115,RISEI SAYATI
911513,9115,DEMBA
911515,9115,SOYOI MAMBAI
911514,9115,WONTI
,9115,
911510,9115,KIRIHI
911901,9119,SUPIORI SELATAN
911904,9119,KEPULAUAN ARURI
911902,9119,SUPIORI UTARA
911905,9119,SUPIORI BARAT
911903,9119,SUPIORI TIMUR
912006,9120,WAROPEN ATAS
912007,9120,BENUKI
912008,9120,SAWAI
912005,9120,MAMBERAMO HILIR
912001,9120,MAMBERAMO TENGAH
912004,9120,MAMBERAMO TENGAH TIMUR
912003,9120,RUFAER
912404,9124,WOSAK
912428,9124,MOBA
912427,9124,PIJA
912425,9124,KORA
912401,9124,KENYAM
912423,9124,MBUA TENGAH
912431,9124,KREPKURI
912424,9124,EMBETPEN
912405,9124,GESELMA
912414,9124,KILMID
912413,9124,YENGGELO
912415,9124,ALAMA
912412,9124,MEBAROK
912402,9124,MAPENDUMA
912409,9124,KOROPTAK
912411,9124,PARO
912410,9124,KEGAYEM
912406,9124,MUGI
912416,9124,YAL
912417,9124,MAM
912403,9124,YIGI
912418,9124,DAL
912419,9124,NIRKURI
912420,9124,INIKGAL
912407,9124,MBUWA
912421,9124,INIYE
912429,9124,WUTPAGA
912430,9124,NENGGEAGIN
912422,9124,MBULMU YALMA
912408,9124,GEAREK
912432,9124,PASIR PUTIH
912426,9124,WUSI
912303,9123,MAKKI
912327,9123,GUPURA
912328,9123,KOLAWA
912329,9123,GELOK BEAM
912321,9123,AWINA
912330,9123,KULY LANNY
912302,9123,PIRIME
912338,9123,BUGUK GONA
912318,9123,MILIMBO
912320,9123,GOLLO
912319,9123,WIRINGGAMBUT
912301,9123,TIOM
912312,9123,NOGI
912316,9123,MOKONI
912311,9123,NINAME
912313,9123,YIGINUA
912314,9123,TIOM OLLO
912315,9123,YUGUNGWI
912331,9123,LANNYNA
912307,9123,BALINGGA
912326,9123,BALINGGA BARAT
912325,9123,BRUWA
912322,9123,AYUMNATI
912324,9123,GOA BALIM
912309,9123,KUYAWAGE
912323,9123,WANO BARAT
912306,9123,MELAGINERI
912339,9123,MELAGI
912308,9123,TIOMNERI
912317,9123,WEREKA
912305,9123,DIMBA
912335,9123,KELULOME
912336,9123,NIKOGWE
912304,9123,GAMELIA
912332,9123,KARU
912333,9123,YILUK
912334,9123,GUNA
912310,9123,POGA
912337,9123,MUARA
912101,9121,KOBAGMA
912105,9121,ILUGWA
912102,9121,KELILA
912103,9121,ERAGAYAM
912104,9121,MEGAMBILIS
912205,9122,WELAREK
912202,9122,APALAPSILI
912203,9122,ABENAHO
912201,9122,ELELIM
912204,9122,BENAWA
912507,9125,AGANDUGUME
912521,9125,LAMBEWI
912522,9125,ONERI
912508,9125,GOME
912523,9125,AMUNGKALPIA
912524,9125,GOME UTARA
912525,9125,ERELMAKAWIA
912501,9125,ILAGA
912518,9125,ILAGA UTARA
912519,9125,MABUGI
912520,9125,OMUKIA
912506,9125,SINAK
912515,9125,SINAK BARAT
912516,9125,MAGE'ABUME
912517,9125,YUGUMUAK
912505,9125,POGOMA
912513,9125,KEMBRU
912514,9125,BINA
912502,9125,WANGBE
912512,9125,OGAMANIM
912503,9125,BEOGA
912510,9125,BEOGA BARAT
912511,9125,BEOGA TIMUR
912504,9125,DOUFO
912509,9125,DERVOS
912605,9126,SUKIKAI SELATAN
912603,9126,PIYAIYE
912606,9126,MAPIA BARAT
912609,9126,MAPIA TENGAH
912602,9126,MAPIA
912610,9126,DOGIYAI
912607,9126,KAMU SELATAN
912601,9126,KAMU
912608,9126,KAMU TIMUR
912604,9126,KAMU UTARA
912702,9127,HOMEYO
912701,9127,SUGAPA
912707,9127,UGIMBA
912706,9127,HITADIPA
912705,9127,AGISIGA
912708,9127,TOMOSIGA
912704,9127,BIANDOGA
912703,9127,WANDAI
912805,9128,KAPIRAYA
912804,9128,TIGI BARAT
912801,9128,TIGI
912802,9128,TIGI TIMUR
912803,9128,BOWOBADO
917104,9171,MUARA TAMI
917103,9171,ABEPURA
917105,9171,HERAM
917102,9171,JAYAPURA SELATAN
917101,9171,JAYAPURA UTARA